car_number,start,finish,lap,lap_time,lap_speed,running_position
5,4,1,1,76.753,114.914,4
5,4,1,2,73.503,119.995,3
5,4,1,3,73.377,120.201,3
5,4,1,4,73.26,120.393,3
5,4,1,5,73.502,119.997,3
5,4,1,6,73.681,119.705,3
5,4,1,7,74.546,118.316,3
5,4,1,8,74.067,119.081,3
5,4,1,9,74.446,118.475,3
5,4,1,10,74.904,117.751,2
5,4,1,11,173.885,50.723,2
5,4,1,12,207.772,42.45,2
5,4,1,13,75.01,117.584,2
5,4,1,14,73.483,120.028,2
5,4,1,15,73.861,119.413,2
5,4,1,16,73.972,119.234,2
5,4,1,17,74.322,118.673,2
5,4,1,18,74.225,118.828,2
5,4,1,19,74.548,118.313,2
5,4,1,20,74.328,118.663,2
5,4,1,21,199.244,44.267,1
5,4,1,22,221.905,39.747,19
5,4,1,23,78.832,111.883,16
5,4,1,24,74.901,117.755,15
5,4,1,25,91.789,96.09,13
5,4,1,26,201.591,43.752,13
5,4,1,27,204.283,43.175,13
5,4,1,28,77.364,114.007,12
5,4,1,29,74.305,118.7,11
5,4,1,30,74.679,118.105,10
5,4,1,31,74.856,117.826,9
5,4,1,32,74.267,118.761,8
5,4,1,33,73.927,119.307,7
5,4,1,34,74.265,118.764,7
5,4,1,35,73.787,119.533,7
5,4,1,36,74.215,118.844,7
5,4,1,37,74.703,118.068,6
5,4,1,38,74.096,119.035,6
5,4,1,39,74.759,117.979,5
5,4,1,40,74.706,118.063,4
5,4,1,41,140.607,62.728,4
5,4,1,42,197.983,44.549,4
5,4,1,43,210.07,41.986,4
5,4,1,44,75.697,116.517,3
5,4,1,45,73.018,120.792,3
5,4,1,46,73.696,119.681,3
5,4,1,47,74.049,119.11,3
5,4,1,48,74.731,118.023,3
5,4,1,49,74.081,119.059,3
5,4,1,50,74.23,118.82,3
5,4,1,51,74.28,118.74,3
5,4,1,52,74.513,118.369,3
5,4,1,53,74.813,117.894,3
5,4,1,54,74.942,117.691,3
5,4,1,55,75.873,116.247,2
5,4,1,56,74.689,118.09,2
5,4,1,57,85.026,103.733,3
5,4,1,58,100.948,87.372,13
5,4,1,59,73.561,119.9,10
5,4,1,60,74.242,118.801,7
5,4,1,61,73.614,119.814,6
5,4,1,62,74.021,119.155,5
5,4,1,63,75.281,117.161,2
5,4,1,64,73.887,119.371,2
5,4,1,65,74.017,119.162,1
5,4,1,66,74.494,118.399,1
5,4,1,67,74.374,118.59,1
5,4,1,68,74.031,119.139,1
5,4,1,69,74.534,118.335,1
5,4,1,70,74.794,117.924,1
5,4,1,71,74.293,118.719,1
5,4,1,72,74.534,118.335,1
5,4,1,73,74.728,118.028,1
5,4,1,74,74.929,117.711,1
5,4,1,75,75.171,117.332,1
5,4,1,76,74.562,118.291,1
5,4,1,77,74.859,117.822,1
5,4,1,78,74.555,118.302,1
5,4,1,79,74.78,117.946,1
5,4,1,80,74.976,117.638,1
5,4,1,81,75.095,117.451,1
5,4,1,82,74.822,117.88,1
5,4,1,83,74.86,117.82,1
5,4,1,84,75.089,117.461,1
5,4,1,85,75.232,117.237,1
5,4,1,86,75.301,117.13,1
5,4,1,87,76.344,115.53,1
5,4,1,88,76.595,115.151,1
5,4,1,89,75.195,117.295,1
5,4,1,90,76.638,115.087,1
9,11,2,1,80.43,109.661,28
9,11,2,2,76.709,114.98,27
9,11,2,3,74.713,118.052,25
9,11,2,4,74.433,118.496,24
9,11,2,5,74.466,118.443,23
9,11,2,6,74.943,117.689,22
9,11,2,7,75.063,117.501,20
9,11,2,8,74.469,118.439,19
9,11,2,9,74.312,118.689,19
9,11,2,10,78.762,111.983,19
9,11,2,11,165.712,53.225,22
9,11,2,12,198.998,44.322,25
9,11,2,13,78.944,111.725,22
9,11,2,14,76.335,115.543,19
9,11,2,15,74.036,119.131,18
9,11,2,16,74.17,118.916,17
9,11,2,17,74.154,118.942,12
9,11,2,18,74.51,118.373,9
9,11,2,19,73.855,119.423,9
9,11,2,20,75.011,117.583,8
9,11,2,21,192.271,45.873,4
9,11,2,22,219.845,40.119,26
9,11,2,23,79.728,110.626,24
9,11,2,24,75.685,116.536,23
9,11,2,25,99.412,88.722,23
9,11,2,26,200.014,44.097,23
9,11,2,27,196.956,44.782,24
9,11,2,28,78.858,111.847,23
9,11,2,29,75.402,116.973,23
9,11,2,30,94.173,93.657,36
9,11,2,31,99.32,88.804,36
9,11,2,32,72.745,121.245,36
9,11,2,33,72.633,121.432,36
9,11,2,34,74.007,119.178,36
9,11,2,35,73.802,119.509,36
9,11,2,36,74.261,118.77,36
9,11,2,37,75.39,116.992,35
9,11,2,38,75.839,116.299,33
9,11,2,39,75.084,117.468,33
9,11,2,40,87.453,100.854,33
9,11,2,41,110.797,79.605,33
9,11,2,42,181.712,48.538,24
9,11,2,43,197.637,44.627,19
9,11,2,44,78.578,112.245,20
9,11,2,45,75.584,116.691,18
9,11,2,46,75.717,116.486,16
9,11,2,47,75.288,117.15,15
9,11,2,48,74.983,117.627,14
9,11,2,49,74.726,118.031,13
9,11,2,50,75.041,117.536,11
9,11,2,51,74.015,119.165,11
9,11,2,52,74.302,118.705,10
9,11,2,53,74.614,118.208,10
9,11,2,54,74.539,118.327,10
9,11,2,55,74.636,118.174,7
9,11,2,56,74.694,118.082,6
9,11,2,57,74.72,118.041,2
9,11,2,58,74.713,118.052,2
9,11,2,59,74.992,117.613,2
9,11,2,60,85.442,103.228,3
9,11,2,61,99.479,88.662,12
9,11,2,62,73.36,120.229,12
9,11,2,63,73.988,119.209,10
9,11,2,64,74.878,117.792,7
9,11,2,65,74.357,118.617,5
9,11,2,66,73.697,119.679,5
9,11,2,67,74.154,118.942,4
9,11,2,68,74.115,119.004,4
9,11,2,69,74.975,117.639,4
9,11,2,70,74.05,119.109,4
9,11,2,71,74.3,118.708,3
9,11,2,72,74.105,119.02,3
9,11,2,73,74.01,119.173,3
9,11,2,74,73.949,119.271,3
9,11,2,75,74.226,118.826,3
9,11,2,76,74.365,118.604,3
9,11,2,77,74.164,118.926,3
9,11,2,78,74.733,118.02,3
9,11,2,79,74.212,118.849,3
9,11,2,80,74.872,117.801,3
9,11,2,81,74.998,117.603,3
9,11,2,82,75.018,117.572,2
9,11,2,83,74.651,118.15,2
9,11,2,84,75.248,117.212,2
9,11,2,85,74.842,117.848,2
9,11,2,86,75.07,117.49,2
9,11,2,87,74.99,117.616,2
9,11,2,88,75.545,116.752,2
9,11,2,89,75.699,116.514,2
9,11,2,90,76.214,115.727,2
19,9,3,1,76.96,114.605,6
19,9,3,2,74.628,118.186,5
19,9,3,3,73.45,120.082,5
19,9,3,4,73.291,120.342,5
19,9,3,5,73.421,120.129,5
19,9,3,6,74.027,119.146,5
19,9,3,7,73.848,119.435,4
19,9,3,8,73.545,119.927,4
19,9,3,9,73.938,119.289,4
19,9,3,10,74.671,118.118,3
19,9,3,11,174.033,50.68,3
19,9,3,12,207.491,42.508,3
19,9,3,13,75.405,116.968,3
19,9,3,14,73.652,119.752,3
19,9,3,15,73.758,119.58,3
19,9,3,16,73.727,119.631,3
19,9,3,17,74.312,118.689,3
19,9,3,18,102.434,86.104,23
19,9,3,19,84.116,104.855,24
19,9,3,20,82.277,107.199,24
19,9,3,21,161.144,54.734,11
19,9,3,22,212.283,41.548,2
19,9,3,23,74.671,118.118,1
19,9,3,24,73.745,119.601,1
19,9,3,25,85.777,102.825,1
19,9,3,26,207.099,42.588,1
19,9,3,27,210.487,41.903,1
19,9,3,28,73.984,119.215,1
19,9,3,29,73.248,120.413,1
19,9,3,30,73.498,120.003,1
19,9,3,31,73.493,120.011,1
19,9,3,32,73.694,119.684,1
19,9,3,33,74.294,118.718,1
19,9,3,34,73.663,119.734,1
19,9,3,35,73.815,119.488,1
19,9,3,36,74.191,118.882,1
19,9,3,37,74.277,118.745,1
19,9,3,38,74.473,118.432,1
19,9,3,39,75.307,117.121,1
19,9,3,40,76.303,115.592,1
19,9,3,41,145.14,60.769,1
19,9,3,42,199.054,44.31,1
19,9,3,43,211.11,41.779,1
19,9,3,44,74.872,117.801,1
19,9,3,45,73.536,119.941,1
19,9,3,46,73.734,119.619,1
19,9,3,47,74.491,118.404,1
19,9,3,48,74.419,118.518,1
19,9,3,49,73.801,119.511,1
19,9,3,50,74.166,118.922,1
19,9,3,51,74.421,118.515,1
19,9,3,52,74.371,118.595,1
19,9,3,53,75.011,117.583,1
19,9,3,54,75.262,117.191,1
19,9,3,55,75.141,117.379,1
19,9,3,56,75.102,117.44,1
19,9,3,57,104.55,84.362,16
19,9,3,58,83.002,106.262,15
19,9,3,59,73.948,119.273,11
19,9,3,60,73.961,119.252,9
19,9,3,61,73.697,119.679,7
19,9,3,62,74.072,119.073,7
19,9,3,63,74.724,118.034,3
19,9,3,64,74.151,118.946,3
19,9,3,65,74.18,118.9,2
19,9,3,66,74.733,118.02,2
19,9,3,67,74.516,118.364,2
19,9,3,68,74.46,118.453,2
19,9,3,69,74.612,118.212,2
19,9,3,70,74.746,118,2
19,9,3,71,74.78,117.946,2
19,9,3,72,74.619,118.2,2
19,9,3,73,75.157,117.354,2
19,9,3,74,75.021,117.567,2
19,9,3,75,74.911,117.74,2
19,9,3,76,74.941,117.693,2
19,9,3,77,75.617,116.64,2
19,9,3,78,75.005,117.592,2
19,9,3,79,75.043,117.533,2
19,9,3,80,75.264,117.187,2
19,9,3,81,75.196,117.293,2
19,9,3,82,76.142,115.836,3
19,9,3,83,75.578,116.701,3
19,9,3,84,75.48,116.852,3
19,9,3,85,75.402,116.973,3
19,9,3,86,75.354,117.048,3
19,9,3,87,75.27,117.178,3
19,9,3,88,75.341,117.068,3
19,9,3,89,76.213,115.728,3
19,9,3,90,76.668,115.041,3
18,20,4,1,78.889,111.803,18
18,20,4,2,75.346,117.06,16
18,20,4,3,74.72,118.041,15
18,20,4,4,74.405,118.54,14
18,20,4,5,74.102,119.025,14
18,20,4,6,74.264,118.765,12
18,20,4,7,74.193,118.879,12
18,20,4,8,74.737,118.014,12
18,20,4,9,74.659,118.137,11
18,20,4,10,77.273,114.141,11
18,20,4,11,166.202,53.068,11
18,20,4,12,203.648,43.31,10
18,20,4,13,77.167,114.298,8
18,20,4,14,74.372,118.593,8
18,20,4,15,74.139,118.966,8
18,20,4,16,74.193,118.879,8
18,20,4,17,74.733,118.02,7
18,20,4,18,75.191,117.301,6
18,20,4,19,74.339,118.646,6
18,20,4,20,76.195,115.756,6
18,20,4,21,193.568,45.565,2
18,20,4,22,220.37,40.024,20
18,20,4,23,79.357,111.143,19
18,20,4,24,75.864,116.261,19
18,20,4,25,94.751,93.086,18
18,20,4,26,202.019,43.659,18
18,20,4,27,199.753,44.155,18
18,20,4,28,77.688,113.531,16
18,20,4,29,74.875,117.796,15
18,20,4,30,74.933,117.705,15
18,20,4,31,75.213,117.267,14
18,20,4,32,75.165,117.342,13
18,20,4,33,74.268,118.759,13
18,20,4,34,74.454,118.462,12
18,20,4,35,75.107,117.432,11
18,20,4,36,74.604,118.224,10
18,20,4,37,74.55,118.31,10
18,20,4,38,74.409,118.534,10
18,20,4,39,74.974,117.641,10
18,20,4,40,74.644,118.161,10
18,20,4,41,141.265,62.436,10
18,20,4,42,195.698,45.069,9
18,20,4,43,206.789,42.652,9
18,20,4,44,76.647,115.073,7
18,20,4,45,74.223,118.831,7
18,20,4,46,74.363,118.607,7
18,20,4,47,74.17,118.916,7
18,20,4,48,74.715,118.049,7
18,20,4,49,74.648,118.155,7
18,20,4,50,74.437,118.489,7
18,20,4,51,75.042,117.534,7
18,20,4,52,74.925,117.718,7
18,20,4,53,75.226,117.247,7
18,20,4,54,74.975,117.639,7
18,20,4,55,75.858,116.27,3
18,20,4,56,75.071,117.489,3
18,20,4,57,85.263,103.445,4
18,20,4,58,101.058,87.277,18
18,20,4,59,74.311,118.69,15
18,20,4,60,74.41,118.532,11
18,20,4,61,74.248,118.791,9
18,20,4,62,73.83,119.464,9
18,20,4,63,74.683,118.099,6
18,20,4,64,74.396,118.555,5
18,20,4,65,74.263,118.767,4
18,20,4,66,74.727,118.03,4
18,20,4,67,74.876,117.795,3
18,20,4,68,74.547,118.315,3
18,20,4,69,74.989,117.617,3
18,20,4,70,74.473,118.432,3
18,20,4,71,75.492,116.834,4
18,20,4,72,75.092,117.456,4
18,20,4,73,74.905,117.749,4
18,20,4,74,75.492,116.834,4
18,20,4,75,74.845,117.844,4
18,20,4,76,75.002,117.597,4
18,20,4,77,74.764,117.971,4
18,20,4,78,75.113,117.423,4
18,20,4,79,74.843,117.847,4
18,20,4,80,75.091,117.457,4
18,20,4,81,75.429,116.931,4
18,20,4,82,75.09,117.459,4
18,20,4,83,75.04,117.537,4
18,20,4,84,75.532,116.772,4
18,20,4,85,75.332,117.082,4
18,20,4,86,75.173,117.329,4
18,20,4,87,75.292,117.144,4
18,20,4,88,75.21,117.272,4
18,20,4,89,75.377,117.012,4
18,20,4,90,75.437,116.919,4
11,6,5,1,76.74,114.934,5
11,6,5,2,74.328,118.663,4
11,6,5,3,73.235,120.434,4
11,6,5,4,73.779,119.546,4
11,6,5,5,73.429,120.116,4
11,6,5,6,74.452,118.466,4
11,6,5,7,74.318,118.679,5
11,6,5,8,74.101,119.027,5
11,6,5,9,73.861,119.413,5
11,6,5,10,74.567,118.283,4
11,6,5,11,173.921,50.713,4
11,6,5,12,206.956,42.618,4
11,6,5,13,75.81,116.343,4
11,6,5,14,73.726,119.632,4
11,6,5,15,73.867,119.404,4
11,6,5,16,74.334,118.654,4
11,6,5,17,74.033,119.136,4
11,6,5,18,74.241,118.802,3
11,6,5,19,74.271,118.754,3
11,6,5,20,74.996,117.606,3
11,6,5,21,215.844,40.863,30
11,6,5,22,203.6,43.32,18
11,6,5,23,79.27,111.265,18
11,6,5,24,75.448,116.902,17
11,6,5,25,94.355,93.477,16
11,6,5,26,201.387,43.796,16
11,6,5,27,201.28,43.82,16
11,6,5,28,77.706,113.505,15
11,6,5,29,74.616,118.205,14
11,6,5,30,75.122,117.409,14
11,6,5,31,74.827,117.872,13
11,6,5,32,74.439,118.486,11
11,6,5,33,74.516,118.364,10
11,6,5,34,75.011,117.583,9
11,6,5,35,74.075,119.069,9
11,6,5,36,74.008,119.176,9
11,6,5,37,74.147,118.953,9
11,6,5,38,74.5,118.389,9
11,6,5,39,75.333,117.08,8
11,6,5,40,74.58,118.262,8
11,6,5,41,141.824,62.19,8
11,6,5,42,215.291,40.968,30
11,6,5,43,190.079,46.402,21
11,6,5,44,78.29,112.658,18
11,6,5,45,75.071,117.489,16
11,6,5,46,75.855,116.274,15
11,6,5,47,74.637,118.172,13
11,6,5,48,75.12,117.412,11
11,6,5,49,73.757,119.582,10
11,6,5,50,74.719,118.042,10
11,6,5,51,74.212,118.849,9
11,6,5,52,74.324,118.67,9
11,6,5,53,74.214,118.846,9
11,6,5,54,74.227,118.825,9
11,6,5,55,74.844,117.845,6
11,6,5,56,75.848,116.285,5
11,6,5,57,74.771,117.96,1
11,6,5,58,75.277,117.167,1
11,6,5,59,75.526,116.781,1
11,6,5,60,75.121,117.411,1
11,6,5,61,74.946,117.685,1
11,6,5,62,74.891,117.771,1
11,6,5,63,104.646,84.284,5
11,6,5,64,83.305,105.876,12
11,6,5,65,74.741,118.008,11
11,6,5,66,74.364,118.606,9
11,6,5,67,74.129,118.982,7
11,6,5,68,74.003,119.184,7
11,6,5,69,74.646,118.158,7
11,6,5,70,74.419,118.518,7
11,6,5,71,74.461,118.451,6
11,6,5,72,74.524,118.351,6
11,6,5,73,74.43,118.501,6
11,6,5,74,74.451,118.467,6
11,6,5,75,74.586,118.253,6
11,6,5,76,74.6,118.231,6
11,6,5,77,74.723,118.036,6
11,6,5,78,74.984,117.625,6
11,6,5,79,74.913,117.737,6
11,6,5,80,74.957,117.667,6
11,6,5,81,74.724,118.034,6
11,6,5,82,74.985,117.624,6
11,6,5,83,75.002,117.597,6
11,6,5,84,74.971,117.645,6
11,6,5,85,75.166,117.34,6
11,6,5,86,75.233,117.236,6
11,6,5,87,75.132,117.393,6
11,6,5,88,74.932,117.707,6
11,6,5,89,75.437,116.919,6
11,6,5,90,75.015,117.576,5
24,15,6,1,77.777,113.401,10
24,15,6,2,75.067,117.495,9
24,15,6,3,74.774,117.955,8
24,15,6,4,74.26,118.772,8
24,15,6,5,74.304,118.702,8
24,15,6,6,74.443,118.48,8
24,15,6,7,74.486,118.412,8
24,15,6,8,74.625,118.191,8
24,15,6,9,75.062,117.503,8
24,15,6,10,75.859,116.268,8
24,15,6,11,166.792,52.88,8
24,15,6,12,205.675,42.883,7
24,15,6,13,77.257,114.164,7
24,15,6,14,74.165,118.924,7
24,15,6,15,74.093,119.04,7
24,15,6,16,74.283,118.735,7
24,15,6,17,75.062,117.503,6
24,15,6,18,75.015,117.576,5
24,15,6,19,74.082,119.057,5
24,15,6,20,75.3,117.131,5
24,15,6,21,213.752,41.263,32
24,15,6,22,201.764,43.714,23
24,15,6,23,79.849,110.458,22
24,15,6,24,75.714,116.491,22
24,15,6,25,95.996,91.879,20
24,15,6,26,201.363,43.801,20
24,15,6,27,198.768,44.373,20
24,15,6,28,77.895,113.229,17
24,15,6,29,75.591,116.681,18
24,15,6,30,74.376,118.587,16
24,15,6,31,75.834,116.307,16
24,15,6,32,75.417,116.95,15
24,15,6,33,74.738,118.012,14
24,15,6,34,73.98,119.221,14
24,15,6,35,74.649,118.153,13
24,15,6,36,74.869,117.806,12
24,15,6,37,74.456,118.459,12
24,15,6,38,75.319,117.102,12
24,15,6,39,74.769,117.963,11
24,15,6,40,75.602,116.664,11
24,15,6,41,139.209,63.358,11
24,15,6,42,196.054,44.988,10
24,15,6,43,205.837,42.849,10
24,15,6,44,77.039,114.487,9
24,15,6,45,74.654,118.145,8
24,15,6,46,75.18,117.318,8
24,15,6,47,74.148,118.951,8
24,15,6,48,74.012,119.17,8
24,15,6,49,73.963,119.249,8
24,15,6,50,74.804,117.908,8
24,15,6,51,74.901,117.755,8
24,15,6,52,74.837,117.856,8
24,15,6,53,75.099,117.445,8
24,15,6,54,75.494,116.83,8
24,15,6,55,75.439,116.916,4
24,15,6,56,75.542,116.756,4
24,15,6,57,103.095,85.552,21
24,15,6,58,83.204,106.005,19
24,15,6,59,74.853,117.831,16
24,15,6,60,74.031,119.139,13
24,15,6,61,74.701,118.071,11
24,15,6,62,73.794,119.522,11
24,15,6,63,75.243,117.22,9
24,15,6,64,74.858,117.823,6
24,15,6,65,74.904,117.751,6
24,15,6,66,74.562,118.291,6
24,15,6,67,74.964,117.656,5
24,15,6,68,74.4,118.548,5
24,15,6,69,74.88,117.788,5
24,15,6,70,74.554,118.304,5
24,15,6,71,74.676,118.11,5
24,15,6,72,74.516,118.364,5
24,15,6,73,74.664,118.129,5
24,15,6,74,74.96,117.663,5
24,15,6,75,74.589,118.248,5
24,15,6,76,75.066,117.497,5
24,15,6,77,75.149,117.367,5
24,15,6,78,75.298,117.135,5
24,15,6,79,75.431,116.928,5
24,15,6,80,74.974,117.641,5
24,15,6,81,75.047,117.526,5
24,15,6,82,75.176,117.325,5
24,15,6,83,74.942,117.691,5
24,15,6,84,75.254,117.203,5
24,15,6,85,75.303,117.127,5
24,15,6,86,75.131,117.395,5
24,15,6,87,75.077,117.479,5
24,15,6,88,75.19,117.303,5
24,15,6,89,75.601,116.665,5
24,15,6,90,77.542,113.745,6
20,7,7,1,80.762,109.21,29
20,7,7,2,76.398,115.448,28
20,7,7,3,75.965,116.106,28
20,7,7,4,74.492,118.402,26
20,7,7,5,74.309,118.694,26
20,7,7,6,74.911,117.74,25
20,7,7,7,75.103,117.439,25
20,7,7,8,75.201,117.286,23
20,7,7,9,74.531,118.34,22
20,7,7,10,78.852,111.855,22
20,7,7,11,161.842,54.498,20
20,7,7,12,199.576,44.194,18
20,7,7,13,78.936,111.736,17
20,7,7,14,75.919,116.176,17
20,7,7,15,74.592,118.243,17
20,7,7,16,75.137,117.386,18
20,7,7,17,86.374,102.114,25
20,7,7,18,101.628,86.787,29
20,7,7,19,74.543,118.321,29
20,7,7,20,87.464,100.841,29
20,7,7,21,148.527,59.383,20
20,7,7,22,209.105,42.18,8
20,7,7,23,76.716,114.969,5
20,7,7,24,73.707,119.663,5
20,7,7,25,86.451,102.023,5
20,7,7,26,205.284,42.965,5
20,7,7,27,209.598,42.081,5
20,7,7,28,75.339,117.071,4
20,7,7,29,73.02,120.789,3
20,7,7,30,74.125,118.988,2
20,7,7,31,73.688,119.694,2
20,7,7,32,73.758,119.58,2
20,7,7,33,73.752,119.59,2
20,7,7,34,73.755,119.585,2
20,7,7,35,73.771,119.559,2
20,7,7,36,73.841,119.446,2
20,7,7,37,74.46,118.453,2
20,7,7,38,75.56,116.728,2
20,7,7,39,75.532,116.772,2
20,7,7,40,76.741,114.932,2
20,7,7,41,142.203,62.024,2
20,7,7,42,198.787,44.369,2
20,7,7,43,210.853,41.83,3
20,7,7,44,74.819,117.884,2
20,7,7,45,73.72,119.642,2
20,7,7,46,73.568,119.889,2
20,7,7,47,74.414,118.526,2
20,7,7,48,74.471,118.435,2
20,7,7,49,73.986,119.212,2
20,7,7,50,74.17,118.916,2
20,7,7,51,74.315,118.684,2
20,7,7,52,74.617,118.204,2
20,7,7,53,74.702,118.069,2
20,7,7,54,75.254,117.203,2
20,7,7,55,91.287,96.618,10
20,7,7,56,75.261,117.192,8
20,7,7,57,87.049,101.322,15
20,7,7,58,99.94,88.253,26
20,7,7,59,74.172,118.913,21
20,7,7,60,74.061,119.091,17
20,7,7,61,74.068,119.08,16
20,7,7,62,73.84,119.447,15
20,7,7,63,74.223,118.831,14
20,7,7,64,74.365,118.604,13
20,7,7,65,75.257,117.198,12
20,7,7,66,74.791,117.929,12
20,7,7,67,74.773,117.957,10
20,7,7,68,74.601,118.229,9
20,7,7,69,74.602,118.227,8
20,7,7,70,74.863,117.815,8
20,7,7,71,74.754,117.987,8
20,7,7,72,74.488,118.408,8
20,7,7,73,74.557,118.299,8
20,7,7,74,75.296,117.138,7
20,7,7,75,75.225,117.248,7
20,7,7,76,74.938,117.697,7
20,7,7,77,75.008,117.587,7
20,7,7,78,75.078,117.478,7
20,7,7,79,75.257,117.198,7
20,7,7,80,75.764,116.414,7
20,7,7,81,75.099,117.445,7
20,7,7,82,75.103,117.439,7
20,7,7,83,74.867,117.809,7
20,7,7,84,75.183,117.314,7
20,7,7,85,75.689,116.529,7
20,7,7,86,75.97,116.098,7
20,7,7,87,75.661,116.573,7
20,7,7,88,75.994,116.062,7
20,7,7,89,75.5,116.821,7
20,7,7,90,76.738,114.937,7
4,5,8,1,77.75,113.441,7
4,5,8,2,75.649,116.591,7
4,5,8,3,75.428,116.933,9
4,5,8,4,74.356,118.619,9
4,5,8,5,74.175,118.908,9
4,5,8,6,74.669,118.121,9
4,5,8,7,74.444,118.478,9
4,5,8,8,74.502,118.386,9
4,5,8,9,74.871,117.803,9
4,5,8,10,76.818,114.817,9
4,5,8,11,166.079,53.107,9
4,5,8,12,205.328,42.956,8
4,5,8,13,77.778,113.4,9
4,5,8,14,74.473,118.432,9
4,5,8,15,74.244,118.797,9
4,5,8,16,74.524,118.351,9
4,5,8,17,102.621,85.947,33
4,5,8,18,83.55,105.566,26
4,5,8,19,74.273,118.751,26
4,5,8,20,87.284,101.049,26
4,5,8,21,152.892,57.688,15
4,5,8,22,211.161,41.769,4
4,5,8,23,76.109,115.886,4
4,5,8,24,74.254,118.781,4
4,5,8,25,86.33,102.166,4
4,5,8,26,205.804,42.856,4
4,5,8,27,209.4,42.12,2
4,5,8,28,74.658,118.139,2
4,5,8,29,73.738,119.613,2
4,5,8,30,74.825,117.875,3
4,5,8,31,73.939,119.288,3
4,5,8,32,74.176,118.906,3
4,5,8,33,74.276,118.746,3
4,5,8,34,74.204,118.862,3
4,5,8,35,74.068,119.08,3
4,5,8,36,74.532,118.338,3
4,5,8,37,74.826,117.873,3
4,5,8,38,75.536,116.766,3
4,5,8,39,75.027,117.558,3
4,5,8,40,76.103,115.896,3
4,5,8,41,141.007,62.55,3
4,5,8,42,198.204,44.5,3
4,5,8,43,210.351,41.93,2
4,5,8,44,76.139,115.841,4
4,5,8,45,74.702,118.069,5
4,5,8,46,74.33,118.66,5
4,5,8,47,74.047,119.114,5
4,5,8,48,74.533,118.337,5
4,5,8,49,74.224,118.829,5
4,5,8,50,74.513,118.369,5
4,5,8,51,74.934,117.704,5
4,5,8,52,75.373,117.018,5
4,5,8,53,75.3,117.131,5
4,5,8,54,74.791,117.929,4
4,5,8,55,103.61,85.127,31
4,5,8,56,83.916,105.105,32
4,5,8,57,75.198,117.29,23
4,5,8,58,74.866,117.81,17
4,5,8,59,74.886,117.779,14
4,5,8,60,75.173,117.329,12
4,5,8,61,74.437,118.489,10
4,5,8,62,74.331,118.658,10
4,5,8,63,75.079,117.476,8
4,5,8,64,76.705,114.986,8
4,5,8,65,74.769,117.963,7
4,5,8,66,74.9,117.757,7
4,5,8,67,75.308,117.119,6
4,5,8,68,75.411,116.959,6
4,5,8,69,75.108,117.431,6
4,5,8,70,75.108,117.431,6
4,5,8,71,75.492,116.834,7
4,5,8,72,75.742,116.448,7
4,5,8,73,75.579,116.699,7
4,5,8,74,76.51,115.279,8
4,5,8,75,75.698,116.516,8
4,5,8,76,75.356,117.044,8
4,5,8,77,75.786,116.38,8
4,5,8,78,75.639,116.607,8
4,5,8,79,75.546,116.75,8
4,5,8,80,75.635,116.613,8
4,5,8,81,75.633,116.616,8
4,5,8,82,75.824,116.322,8
4,5,8,83,75.322,117.097,8
4,5,8,84,75.881,116.235,8
4,5,8,85,75.383,117.003,8
4,5,8,86,75.775,116.397,8
4,5,8,87,75.716,116.488,8
4,5,8,88,77.932,113.176,9
4,5,8,89,77.499,113.808,9
4,5,8,90,77.17,114.293,8
14,27,9,1,80.313,109.82,24
14,27,9,2,76.098,115.903,24
14,27,9,3,75.519,116.792,24
14,27,9,4,75.714,116.491,25
14,27,9,5,74.785,117.938,25
14,27,9,6,75.569,116.715,26
14,27,9,7,75.217,117.261,26
14,27,9,8,75.515,116.798,26
14,27,9,9,75.743,116.446,26
14,27,9,10,80.867,109.068,26
14,27,9,11,184.596,47.78,34
14,27,9,12,173.887,50.723,28
14,27,9,13,79.854,110.452,23
14,27,9,14,75.713,116.493,23
14,27,9,15,74.594,118.24,21
14,27,9,16,75.364,117.032,21
14,27,9,17,92.577,95.272,32
14,27,9,18,84.983,103.785,25
14,27,9,19,75.533,116.77,25
14,27,9,20,87.201,101.146,25
14,27,9,21,153.255,57.551,13
14,27,9,22,211.526,41.697,3
14,27,9,23,75.569,116.715,2
14,27,9,24,73.969,119.239,2
14,27,9,25,86.202,102.318,2
14,27,9,26,205.824,42.852,2
14,27,9,27,210.446,41.911,3
14,27,9,28,75.539,116.761,3
14,27,9,29,74.439,118.486,4
14,27,9,30,74.188,118.887,4
14,27,9,31,74.054,119.102,4
14,27,9,32,74.182,118.897,4
14,27,9,33,74.354,118.622,4
14,27,9,34,74.313,118.687,4
14,27,9,35,74.402,118.545,4
14,27,9,36,75.027,117.558,4
14,27,9,37,74.702,118.069,4
14,27,9,38,75.025,117.561,4
14,27,9,39,75.084,117.468,4
14,27,9,40,76.274,115.636,5
14,27,9,41,140.861,62.615,5
14,27,9,42,197.819,44.586,5
14,27,9,43,209.521,42.096,5
14,27,9,44,76.345,115.528,6
14,27,9,45,74.614,118.208,6
14,27,9,46,74.221,118.834,6
14,27,9,47,74.42,118.517,6
14,27,9,48,74.659,118.137,6
14,27,9,49,74.489,118.407,6
14,27,9,50,74.597,118.235,6
14,27,9,51,74.926,117.716,6
14,27,9,52,74.791,117.929,6
14,27,9,53,75.194,117.297,6
14,27,9,54,75.108,117.431,6
14,27,9,55,76.778,114.877,5
14,27,9,56,106.114,83.118,27
14,27,9,57,83.971,105.036,27
14,27,9,58,74.923,117.721,21
14,27,9,59,74.825,117.875,18
14,27,9,60,74.594,118.24,15
14,27,9,61,74.667,118.124,15
14,27,9,62,75.126,117.403,14
14,27,9,63,75.07,117.49,13
14,27,9,64,74.841,117.85,11
14,27,9,65,75.615,116.644,10
14,27,9,66,75.735,116.459,10
14,27,9,67,75.055,117.514,9
14,27,9,68,75.84,116.297,10
14,27,9,69,75.723,116.477,10
14,27,9,70,75.552,116.741,10
14,27,9,71,75.59,116.682,10
14,27,9,72,75.203,117.283,10
14,27,9,73,75.457,116.888,10
14,27,9,74,75.561,116.727,10
14,27,9,75,75.508,116.809,10
14,27,9,76,75.458,116.886,10
14,27,9,77,75.411,116.959,10
14,27,9,78,75.672,116.556,10
14,27,9,79,75.57,116.713,10
14,27,9,80,75.577,116.702,10
14,27,9,81,75.933,116.155,10
14,27,9,82,75.935,116.152,10
14,27,9,83,75.765,116.413,10
14,27,9,84,75.945,116.137,10
14,27,9,85,75.82,116.328,10
14,27,9,86,75.557,116.733,10
14,27,9,87,75.443,116.909,10
14,27,9,88,75.883,116.232,10
14,27,9,89,76.236,115.693,10
14,27,9,90,76.032,116.004,9
8,13,10,1,77.686,113.534,8
8,13,10,2,75.117,117.417,8
8,13,10,3,74.77,117.962,7
8,13,10,4,74.234,118.813,7
8,13,10,5,74.193,118.879,7
8,13,10,6,74.406,118.539,7
8,13,10,7,74.542,118.323,7
8,13,10,8,74.662,118.132,7
8,13,10,9,74.939,117.696,7
8,13,10,10,75.133,117.392,7
8,13,10,11,167.315,52.715,7
8,13,10,12,206.173,42.78,6
8,13,10,13,76.851,114.768,5
8,13,10,14,73.666,119.73,5
8,13,10,15,74.027,119.146,5
8,13,10,16,74.219,118.837,5
8,13,10,17,74.329,118.662,5
8,13,10,18,74.789,117.932,4
8,13,10,19,74.788,117.933,4
8,13,10,20,75.252,117.206,4
8,13,10,21,212.633,41.48,29
8,13,10,22,203.854,43.266,17
8,13,10,23,78.984,111.668,17
8,13,10,24,76.081,115.929,18
8,13,10,25,94.454,93.379,17
8,13,10,26,201.654,43.738,17
8,13,10,27,200.801,43.924,17
8,13,10,28,78.478,112.388,18
8,13,10,29,74.98,117.631,16
8,13,10,30,74.987,117.62,17
8,13,10,31,75.989,116.069,18
8,13,10,32,75.272,117.175,18
8,13,10,33,75.759,116.422,18
8,13,10,34,74.987,117.62,18
8,13,10,35,74.757,117.982,18
8,13,10,36,76.044,115.985,18
8,13,10,37,75.329,117.086,17
8,13,10,38,76.207,115.737,17
8,13,10,39,75.073,117.486,17
8,13,10,40,75.9,116.206,17
8,13,10,41,140.45,62.798,17
8,13,10,42,209.404,42.12,31
8,13,10,43,186.651,47.254,24
8,13,10,44,79.182,111.389,24
8,13,10,45,75.938,116.147,22
8,13,10,46,75.008,117.587,21
8,13,10,47,75.252,117.206,19
8,13,10,48,75.593,116.677,18
8,13,10,49,75.285,117.155,18
8,13,10,50,75.328,117.088,18
8,13,10,51,75.589,116.684,17
8,13,10,52,75.722,116.479,16
8,13,10,53,75.695,116.52,16
8,13,10,54,76.371,115.489,15
8,13,10,55,75.524,116.784,13
8,13,10,56,75.077,117.479,10
8,13,10,57,75.213,117.267,7
8,13,10,58,75.294,117.141,4
8,13,10,59,75.702,116.509,4
8,13,10,60,102.58,85.982,16
8,13,10,61,83.505,105.622,20
8,13,10,62,74.512,118.37,18
8,13,10,63,73.859,119.417,17
8,13,10,64,74.594,118.24,16
8,13,10,65,74.457,118.458,15
8,13,10,66,74.828,117.87,15
8,13,10,67,75.182,117.315,14
8,13,10,68,75.655,116.582,13
8,13,10,69,75.334,117.079,13
8,13,10,70,75.059,117.508,12
8,13,10,71,74.894,117.766,12
8,13,10,72,75.014,117.578,12
8,13,10,73,75.658,116.577,12
8,13,10,74,75.281,117.161,12
8,13,10,75,74.893,117.768,12
8,13,10,76,75.428,116.933,12
8,13,10,77,75.425,116.937,11
8,13,10,78,75.402,116.973,11
8,13,10,79,75.148,117.368,11
8,13,10,80,75.608,116.654,11
8,13,10,81,75.488,116.84,11
8,13,10,82,75.699,116.514,11
8,13,10,83,75.386,116.998,11
8,13,10,84,75.575,116.705,11
8,13,10,85,75.443,116.909,11
8,13,10,86,75.562,116.725,11
8,13,10,87,75.398,116.979,11
8,13,10,88,75.723,116.477,11
8,13,10,89,75.655,116.582,11
8,13,10,90,75.812,116.34,10
21,14,11,1,78.459,112.415,13
21,14,11,2,75.723,116.477,13
21,14,11,3,75.042,117.534,13
21,14,11,4,74.45,118.469,13
21,14,11,5,74.372,118.593,13
21,14,11,6,75.232,117.237,14
21,14,11,7,74.843,117.847,14
21,14,11,8,74.442,118.482,13
21,14,11,9,74.221,118.834,13
21,14,11,10,77.154,114.317,12
21,14,11,11,166.105,53.099,12
21,14,11,12,203.243,43.396,11
21,14,11,13,78.633,112.167,12
21,14,11,14,75.039,117.539,13
21,14,11,15,74.571,118.277,13
21,14,11,16,74.541,118.324,13
21,14,11,17,85.331,103.362,19
21,14,11,18,103.485,85.23,28
21,14,11,19,74.882,117.785,28
21,14,11,20,87.838,100.412,28
21,14,11,21,148.836,59.26,19
21,14,11,22,209.493,42.102,6
21,14,11,23,77.564,113.713,7
21,14,11,24,74.235,118.812,7
21,14,11,25,85.567,103.077,6
21,14,11,26,205.576,42.904,6
21,14,11,27,209.069,42.187,6
21,14,11,28,75.553,116.739,5
21,14,11,29,74.311,118.69,5
21,14,11,30,74.454,118.462,5
21,14,11,31,74.113,119.007,5
21,14,11,32,74.325,118.668,5
21,14,11,33,74.323,118.671,5
21,14,11,34,74.522,118.354,5
21,14,11,35,74.991,117.614,5
21,14,11,36,75.553,116.739,6
21,14,11,37,75.814,116.337,7
21,14,11,38,74.843,117.847,7
21,14,11,39,75.08,117.475,7
21,14,11,40,75.5,116.821,7
21,14,11,41,141.572,62.3,7
21,14,11,42,196.619,44.858,7
21,14,11,43,208.118,42.38,7
21,14,11,44,77.423,113.92,10
21,14,11,45,75.275,117.17,10
21,14,11,46,75.533,116.77,10
21,14,11,47,75.366,117.029,9
21,14,11,48,75.006,117.591,9
21,14,11,49,75.051,117.52,9
21,14,11,50,75.096,117.45,9
21,14,11,51,75.75,116.436,10
21,14,11,52,75.563,116.724,11
21,14,11,53,75.22,117.256,11
21,14,11,54,75.475,116.86,11
21,14,11,55,75.711,116.496,8
21,14,11,56,85.707,102.909,14
21,14,11,57,104.226,84.624,30
21,14,11,58,74.509,118.375,25
21,14,11,59,75.363,117.034,22
21,14,11,60,75.121,117.411,19
21,14,11,61,74.987,117.62,17
21,14,11,62,74.677,118.109,16
21,14,11,63,74.645,118.159,15
21,14,11,64,74.624,118.193,14
21,14,11,65,74.863,117.815,13
21,14,11,66,75.205,117.279,13
21,14,11,67,75.275,117.17,12
21,14,11,68,75.648,116.593,12
21,14,11,69,75.607,116.656,11
21,14,11,70,75.091,117.457,11
21,14,11,71,75.236,117.231,11
21,14,11,72,75.226,117.247,11
21,14,11,73,75.358,117.041,11
21,14,11,74,75.312,117.113,11
21,14,11,75,75.372,117.02,11
21,14,11,76,75.347,117.058,11
21,14,11,77,75.916,116.181,12
21,14,11,78,75.777,116.394,12
21,14,11,79,75.473,116.863,12
21,14,11,80,75.484,116.846,12
21,14,11,81,75.432,116.927,12
21,14,11,82,76.022,116.019,12
21,14,11,83,75.029,117.555,12
21,14,11,84,75.5,116.821,12
21,14,11,85,75.584,116.691,12
21,14,11,86,75.22,117.256,12
21,14,11,87,75.571,116.711,12
21,14,11,88,75.657,116.579,12
21,14,11,89,76.145,115.832,12
21,14,11,90,76.016,116.028,11
42,12,12,1,78.378,112.532,12
42,12,12,2,75.538,116.762,12
42,12,12,3,75.122,117.409,12
42,12,12,4,74.509,118.375,12
42,12,12,5,74.363,118.607,12
42,12,12,6,75.326,117.091,13
42,12,12,7,75.023,117.564,13
42,12,12,8,75.477,116.857,14
42,12,12,9,75.041,117.536,14
42,12,12,10,77.158,114.311,14
42,12,12,11,166.143,53.087,15
42,12,12,12,201.702,43.728,14
42,12,12,13,78.902,111.784,15
42,12,12,14,75.922,116.172,16
42,12,12,15,74.748,117.996,16
42,12,12,16,74.619,118.2,16
42,12,12,17,86.352,102.14,24
42,12,12,18,103.791,84.978,30
42,12,12,19,74.821,117.881,30
42,12,12,20,92.499,95.352,30
42,12,12,21,142.766,61.779,21
42,12,12,22,208.175,42.368,7
42,12,12,23,77.658,113.575,8
42,12,12,24,74.863,117.815,8
42,12,12,25,85.697,102.921,7
42,12,12,26,205.198,42.983,7
42,12,12,27,208.508,42.301,7
42,12,12,28,76.496,115.3,6
42,12,12,29,74.049,119.11,6
42,12,12,30,74.2,118.868,6
42,12,12,31,74.355,118.62,6
42,12,12,32,74.518,118.361,6
42,12,12,33,74.435,118.493,6
42,12,12,34,74.426,118.507,6
42,12,12,35,74.372,118.593,6
42,12,12,36,74.886,117.779,5
42,12,12,37,74.543,118.321,5
42,12,12,38,74.324,118.67,5
42,12,12,39,75.366,117.029,6
42,12,12,40,76.701,114.992,6
42,12,12,41,141.093,62.512,6
42,12,12,42,196.683,44.844,6
42,12,12,43,208.956,42.21,6
42,12,12,44,75.919,116.176,5
42,12,12,45,74.057,119.097,4
42,12,12,46,74.178,118.903,4
42,12,12,47,74.202,118.865,4
42,12,12,48,74.538,118.329,4
42,12,12,49,74.085,119.052,4
42,12,12,50,74.903,117.752,4
42,12,12,51,74.948,117.682,4
42,12,12,52,75.406,116.967,4
42,12,12,53,75.18,117.318,4
42,12,12,54,75.164,117.343,5
42,12,12,55,86.688,101.744,11
42,12,12,56,104.568,84.347,33
42,12,12,57,74.92,117.726,26
42,12,12,58,75.368,117.026,20
42,12,12,59,74.973,117.642,17
42,12,12,60,74.708,118.06,14
42,12,12,61,75.032,117.55,14
42,12,12,62,75.224,117.25,13
42,12,12,63,74.676,118.11,12
42,12,12,64,74.599,118.232,10
42,12,12,65,75.572,116.71,9
42,12,12,66,75.182,117.315,8
42,12,12,67,75.261,117.192,8
42,12,12,68,75.058,117.509,8
42,12,12,69,76.057,115.966,9
42,12,12,70,75.73,116.466,9
42,12,12,71,75.722,116.479,9
42,12,12,72,75.283,117.158,9
42,12,12,73,75.009,117.586,9
42,12,12,74,75.335,117.077,9
42,12,12,75,75.369,117.024,9
42,12,12,76,75.342,117.066,9
42,12,12,77,75.289,117.149,9
42,12,12,78,75.541,116.758,9
42,12,12,79,75.617,116.64,9
42,12,12,80,75.429,116.931,9
42,12,12,81,75.431,116.928,9
42,12,12,82,75.255,117.202,9
42,12,12,83,75.494,116.83,9
42,12,12,84,75.469,116.869,9
42,12,12,85,75.415,116.953,9
42,12,12,86,75.406,116.967,9
42,12,12,87,75.56,116.728,9
42,12,12,88,76.651,115.067,8
42,12,12,89,77.827,113.328,8
42,12,12,90,80.498,109.568,12
1,17,13,1,79.031,111.602,15
1,17,13,2,75.774,116.399,15
1,17,13,3,75.561,116.727,16
1,17,13,4,74.725,118.033,16
1,17,13,5,74.508,118.377,16
1,17,13,6,74.667,118.124,16
1,17,13,7,74.813,117.894,16
1,17,13,8,75.057,117.511,16
1,17,13,9,75.225,117.248,16
1,17,13,10,77.72,113.484,16
1,17,13,11,166.363,53.017,18
1,17,13,12,201.11,43.857,23
1,17,13,13,79.019,111.619,21
1,17,13,14,76.753,114.914,20
1,17,13,15,74.434,118.494,20
1,17,13,16,74.436,118.491,19
1,17,13,17,75.134,117.39,13
1,17,13,18,74.434,118.494,12
1,17,13,19,74.372,118.593,12
1,17,13,20,75.635,116.613,12
1,17,13,21,191.068,46.162,8
1,17,13,22,217.129,40.621,15
1,17,13,23,78.831,111.885,14
1,17,13,24,75.702,116.509,16
1,17,13,25,93.21,94.625,15
1,17,13,26,201.819,43.703,15
1,17,13,27,202.35,43.588,15
1,17,13,28,79.003,111.641,20
1,17,13,29,75.383,117.003,20
1,17,13,30,75.877,116.241,20
1,17,13,31,75.821,116.327,22
1,17,13,32,75.117,117.417,21
1,17,13,33,74.978,117.635,20
1,17,13,34,75.16,117.35,20
1,17,13,35,75.613,116.647,21
1,17,13,36,75.266,117.184,21
1,17,13,37,75.707,116.502,20
1,17,13,38,75.755,116.428,20
1,17,13,39,75.657,116.579,20
1,17,13,40,77.103,114.392,20
1,17,13,41,139.836,63.074,20
1,17,13,42,191.378,46.087,18
1,17,13,43,203.097,43.428,26
1,17,13,44,78.313,112.625,22
1,17,13,45,76.393,115.456,21
1,17,13,46,74.942,117.691,20
1,17,13,47,75.945,116.137,21
1,17,13,48,75.476,116.858,20
1,17,13,49,74.938,117.697,19
1,17,13,50,75.046,117.528,16
1,17,13,51,75.618,116.639,16
1,17,13,52,75.35,117.054,15
1,17,13,53,75.41,116.961,13
1,17,13,54,74.74,118.009,13
1,17,13,55,75.174,117.328,12
1,17,13,56,74.994,117.609,9
1,17,13,57,76.26,115.657,5
1,17,13,58,74.868,117.807,3
1,17,13,59,75.162,117.347,3
1,17,13,60,75.062,117.503,2
1,17,13,61,75.798,116.362,2
1,17,13,62,75.24,117.225,2
1,17,13,63,75.433,116.925,1
1,17,13,64,86.276,102.23,1
1,17,13,65,102.433,86.105,16
1,17,13,66,74.424,118.51,16
1,17,13,67,74.779,117.948,15
1,17,13,68,74.548,118.313,15
1,17,13,69,74.656,118.142,15
1,17,13,70,75.769,116.406,14
1,17,13,71,74.602,118.227,14
1,17,13,72,75.035,117.545,13
1,17,13,73,75.213,117.267,13
1,17,13,74,74.744,118.003,13
1,17,13,75,75.045,117.529,13
1,17,13,76,75.057,117.511,13
1,17,13,77,75.452,116.896,13
1,17,13,78,75.829,116.314,13
1,17,13,79,75.296,117.138,13
1,17,13,80,75.558,116.732,13
1,17,13,81,75.451,116.897,13
1,17,13,82,76.109,115.886,13
1,17,13,83,75.306,117.122,13
1,17,13,84,75.401,116.975,13
1,17,13,85,75.559,116.73,13
1,17,13,86,75.668,116.562,13
1,17,13,87,75.641,116.603,13
1,17,13,88,75.997,116.057,13
1,17,13,89,76.263,115.652,13
1,17,13,90,76.174,115.788,13
12,3,14,1,76.749,114.92,3
12,3,14,2,76.339,115.537,6
12,3,14,3,74.014,119.167,6
12,3,14,4,73.576,119.876,6
12,3,14,5,73.815,119.488,6
12,3,14,6,74.02,119.157,6
12,3,14,7,74.271,118.754,6
12,3,14,8,73.941,119.284,6
12,3,14,9,74.201,118.866,6
12,3,14,10,74.704,118.066,5
12,3,14,11,172.038,51.268,5
12,3,14,12,206.506,42.711,5
12,3,14,13,77.335,114.049,6
12,3,14,14,73.805,119.504,6
12,3,14,15,74.13,118.98,6
12,3,14,16,74.409,118.534,6
12,3,14,17,105.156,83.875,34
12,3,14,18,84.956,103.818,27
12,3,14,19,75.468,116.871,27
12,3,14,20,88.2,100,27
12,3,14,21,148.906,59.232,16
12,3,14,22,210.912,41.818,5
12,3,14,23,77.365,114.005,6
12,3,14,24,73.968,119.241,6
12,3,14,25,111.155,79.349,32
12,3,14,26,217.772,40.501,36
12,3,14,27,174.444,50.561,32
12,3,14,28,78.914,111.767,27
12,3,14,29,75.3,117.131,26
12,3,14,30,75.52,116.79,24
12,3,14,31,74.812,117.896,23
12,3,14,32,75.318,117.103,22
12,3,14,33,75.339,117.071,22
12,3,14,34,74.676,118.11,21
12,3,14,35,74.97,117.647,20
12,3,14,36,75.376,117.013,20
12,3,14,37,75.503,116.817,19
12,3,14,38,75.892,116.218,19
12,3,14,39,75.472,116.865,19
12,3,14,40,76.647,115.073,19
12,3,14,41,139.871,63.058,19
12,3,14,42,190.944,46.192,15
12,3,14,43,203.11,43.425,14
12,3,14,44,78.354,112.566,14
12,3,14,45,74.828,117.87,14
12,3,14,46,75.129,117.398,13
12,3,14,47,75.623,116.631,12
12,3,14,48,75.979,116.085,12
12,3,14,49,75.319,117.102,12
12,3,14,50,76.007,116.042,13
12,3,14,51,75.193,117.298,12
12,3,14,52,75.095,117.451,12
12,3,14,53,75.184,117.312,12
12,3,14,54,75.265,117.186,12
12,3,14,55,75.534,116.769,9
12,3,14,56,75.801,116.357,7
12,3,14,57,77.306,114.092,6
12,3,14,58,104.235,84.616,22
12,3,14,59,84.357,104.556,24
12,3,14,60,74.096,119.035,22
12,3,14,61,74.463,118.448,19
12,3,14,62,74.852,117.833,17
12,3,14,63,74.327,118.665,16
12,3,14,64,74.368,118.599,15
12,3,14,65,74.776,117.952,14
12,3,14,66,74.874,117.798,14
12,3,14,67,75.207,117.276,13
12,3,14,68,76.228,115.706,14
12,3,14,69,75.528,116.778,14
12,3,14,70,75.615,116.644,13
12,3,14,71,75.184,117.312,13
12,3,14,72,76.264,115.651,14
12,3,14,73,75.476,116.858,14
12,3,14,74,75.605,116.659,14
12,3,14,75,75.567,116.718,14
12,3,14,76,75.412,116.958,14
12,3,14,77,75.649,116.591,14
12,3,14,78,75.409,116.962,14
12,3,14,79,75.211,117.27,14
12,3,14,80,75.662,116.571,14
12,3,14,81,75.357,117.043,14
12,3,14,82,75.664,116.568,14
12,3,14,83,75.965,116.106,14
12,3,14,84,75.834,116.307,14
12,3,14,85,75.964,116.108,14
12,3,14,86,75.633,116.616,14
12,3,14,87,76.204,115.742,14
12,3,14,88,76.182,115.775,14
12,3,14,89,76.837,114.788,14
12,3,14,90,77.802,113.365,14
3,16,15,1,78.462,112.411,14
3,16,15,2,75.729,116.468,14
3,16,15,3,75.121,117.411,14
3,16,15,4,74.826,117.873,15
3,16,15,5,74.332,118.657,15
3,16,15,6,74.84,117.851,15
3,16,15,7,75.041,117.536,15
3,16,15,8,75.371,117.021,15
3,16,15,9,74.85,117.836,15
3,16,15,10,77.219,114.221,15
3,16,15,11,164.952,53.47,14
3,16,15,12,202.493,43.557,13
3,16,15,13,77.976,113.112,11
3,16,15,14,74.513,118.369,11
3,16,15,15,74.366,118.603,11
3,16,15,16,74.844,117.845,11
3,16,15,17,74.916,117.732,9
3,16,15,18,75.129,117.398,8
3,16,15,19,74.954,117.672,8
3,16,15,20,76.046,115.982,9
3,16,15,21,192.345,45.855,5
3,16,15,22,218.869,40.298,21
3,16,15,23,79.526,110.907,20
3,16,15,24,75.782,116.386,20
3,16,15,25,96.033,91.843,19
3,16,15,26,201.458,43.781,19
3,16,15,27,199.028,44.315,19
3,16,15,28,78.644,112.151,19
3,16,15,29,75.094,117.453,19
3,16,15,30,75.128,117.4,18
3,16,15,31,75.211,117.27,17
3,16,15,32,75.337,117.074,17
3,16,15,33,75.313,117.111,16
3,16,15,34,74.575,118.27,16
3,16,15,35,75.219,117.258,16
3,16,15,36,75.453,116.894,16
3,16,15,37,75.786,116.38,15
3,16,15,38,74.821,117.881,15
3,16,15,39,75.163,117.345,15
3,16,15,40,75.476,116.858,15
3,16,15,41,141.236,62.449,15
3,16,15,42,191.853,45.973,12
3,16,15,43,204.535,43.122,12
3,16,15,44,77.253,114.17,11
3,16,15,45,75.058,117.509,11
3,16,15,46,75.635,116.613,11
3,16,15,47,78.114,112.912,16
3,16,15,48,75.262,117.191,16
3,16,15,49,75.549,116.745,16
3,16,15,50,75.813,116.339,17
3,16,15,51,76.194,115.757,18
3,16,15,52,77.299,114.102,20
3,16,15,53,76.021,116.021,20
3,16,15,54,76.183,115.774,21
3,16,15,55,76.377,115.48,19
3,16,15,56,76.565,115.196,13
3,16,15,57,85.982,102.58,20
3,16,15,58,100.73,87.561,29
3,16,15,59,74.31,118.692,26
3,16,15,60,74.202,118.865,23
3,16,15,61,74.787,117.935,21
3,16,15,62,74.524,118.351,21
3,16,15,63,74.707,118.061,19
3,16,15,64,74.911,117.74,17
3,16,15,65,75.344,117.063,17
3,16,15,66,74.865,117.812,17
3,16,15,67,74.998,117.603,16
3,16,15,68,75.398,116.979,16
3,16,15,69,75.257,117.198,16
3,16,15,70,75.383,117.003,15
3,16,15,71,75.757,116.425,15
3,16,15,72,76.189,115.765,15
3,16,15,73,75.249,117.211,15
3,16,15,74,75.384,117.001,15
3,16,15,75,75.756,116.426,15
3,16,15,76,75.927,116.164,15
3,16,15,77,77.172,114.29,16
3,16,15,78,75.328,117.088,16
3,16,15,79,75.569,116.715,16
3,16,15,80,75.542,116.756,16
3,16,15,81,75.473,116.863,16
3,16,15,82,75.783,116.385,16
3,16,15,83,75.779,116.391,16
3,16,15,84,75.975,116.091,16
3,16,15,85,75.892,116.218,16
3,16,15,86,76.07,115.946,16
3,16,15,87,76.271,115.64,16
3,16,15,88,76.018,116.025,16
3,16,15,89,76.751,114.917,15
3,16,15,90,76.144,115.833,15
10,8,16,1,78.245,112.723,9
10,8,16,2,76.159,115.81,11
10,8,16,3,75.013,117.58,11
10,8,16,4,74.252,118.785,11
10,8,16,5,74.358,118.615,11
10,8,16,6,74.528,118.345,11
10,8,16,7,74.707,118.061,11
10,8,16,8,74.814,117.892,11
10,8,16,9,75.528,116.778,12
10,8,16,10,78.13,112.889,13
10,8,16,11,165.906,53.163,13
10,8,16,12,202.569,43.541,12
10,8,16,13,78.739,112.016,14
10,8,16,14,75.055,117.514,14
10,8,16,15,75.533,116.77,15
10,8,16,16,74.441,118.483,15
10,8,16,17,86.388,102.098,23
10,8,16,18,104.897,84.082,31
10,8,16,19,74.667,118.124,31
10,8,16,20,94.872,92.967,31
10,8,16,21,142.319,61.973,23
10,8,16,22,206.165,42.781,10
10,8,16,23,77.876,113.257,10
10,8,16,24,75.491,116.835,10
10,8,16,25,87.956,100.277,9
10,8,16,26,203.267,43.391,9
10,8,16,27,207.289,42.549,9
10,8,16,28,77.336,114.048,11
10,8,16,29,75.133,117.392,12
10,8,16,30,75.196,117.293,12
10,8,16,31,75.193,117.298,12
10,8,16,32,75.32,117.1,12
10,8,16,33,74.651,118.15,12
10,8,16,34,75.147,117.37,13
10,8,16,35,75.967,116.103,14
10,8,16,36,75.433,116.925,13
10,8,16,37,74.532,118.338,13
10,8,16,38,74.706,118.063,13
10,8,16,39,75.48,116.852,13
10,8,16,40,75.91,116.19,12
10,8,16,41,139.695,63.138,12
10,8,16,42,195.031,45.224,11
10,8,16,43,204.977,43.029,11
10,8,16,44,78.232,112.742,13
10,8,16,45,74.999,117.602,13
10,8,16,46,77.472,113.848,17
10,8,16,47,75.641,116.603,17
10,8,16,48,75.382,117.004,17
10,8,16,49,75.9,116.206,17
10,8,16,50,75.739,116.453,19
10,8,16,51,76.23,115.702,20
10,8,16,52,76.642,115.081,19
10,8,16,53,75.329,117.086,19
10,8,16,54,75.749,116.437,19
10,8,16,55,86.734,101.69,30
10,8,16,56,103.837,84.941,35
10,8,16,57,76.349,115.522,33
10,8,16,58,74.77,117.962,31
10,8,16,59,74.965,117.655,28
10,8,16,60,74.528,118.345,25
10,8,16,61,74.846,117.842,24
10,8,16,62,75.265,117.186,22
10,8,16,63,74.659,118.137,21
10,8,16,64,74.705,118.064,19
10,8,16,65,75.721,116.48,18
10,8,16,66,74.757,117.982,18
10,8,16,67,74.84,117.851,17
10,8,16,68,75.545,116.752,17
10,8,16,69,75.019,117.57,17
10,8,16,70,75.162,117.347,16
10,8,16,71,75.071,117.489,16
10,8,16,72,75.777,116.394,16
10,8,16,73,75.592,116.679,16
10,8,16,74,74.98,117.631,16
10,8,16,75,75.804,116.353,16
10,8,16,76,75.135,117.389,16
10,8,16,77,76.282,115.624,15
10,8,16,78,74.978,117.635,15
10,8,16,79,75.258,117.197,15
10,8,16,80,75.187,117.308,15
10,8,16,81,75.147,117.37,15
10,8,16,82,75.226,117.247,15
10,8,16,83,75.577,116.702,15
10,8,16,84,75.668,116.562,15
10,8,16,85,76.122,115.867,15
10,8,16,86,76.352,115.518,15
10,8,16,87,76.323,115.561,15
10,8,16,88,77.104,114.391,15
10,8,16,89,79.655,110.728,16
10,8,16,90,75.975,116.091,16
17,24,17,1,80.001,110.249,23
17,24,17,2,76.248,115.675,23
17,24,17,3,75.434,116.923,23
17,24,17,4,74.844,117.845,23
17,24,17,5,75.346,117.06,24
17,24,17,6,74.9,117.757,24
17,24,17,7,76.016,116.028,24
17,24,17,8,75.715,116.489,25
17,24,17,9,75.575,116.705,25
17,24,17,10,79.509,110.931,25
17,24,17,11,160.724,54.877,21
17,24,17,12,198.683,44.392,19
17,24,17,13,79.387,111.101,20
17,24,17,14,77.07,114.441,22
17,24,17,15,76.187,115.768,24
17,24,17,16,75.428,116.933,24
17,24,17,17,76.307,115.586,15
17,24,17,18,75.344,117.063,14
17,24,17,19,75.139,117.382,14
17,24,17,20,75.63,116.62,14
17,24,17,21,186.538,47.283,9
17,24,17,22,216.788,40.685,27
17,24,17,23,79.742,110.607,25
17,24,17,24,76.143,115.835,25
17,24,17,25,99.422,88.713,24
17,24,17,26,200.052,44.089,24
17,24,17,27,196.344,44.921,23
17,24,17,28,79.282,111.248,24
17,24,17,29,75.394,116.985,24
17,24,17,30,75.971,116.097,23
17,24,17,31,75.18,117.318,24
17,24,17,32,75.805,116.351,23
17,24,17,33,75.082,117.472,23
17,24,17,34,75.201,117.286,23
17,24,17,35,75.008,117.587,23
17,24,17,36,76.073,115.941,23
17,24,17,37,75.398,116.979,21
17,24,17,38,75.491,116.835,21
17,24,17,39,75.325,117.093,21
17,24,17,40,77.142,114.335,21
17,24,17,41,139.92,63.036,21
17,24,17,42,189.86,46.455,16
17,24,17,43,202.654,43.522,15
17,24,17,44,78.629,112.172,16
17,24,17,45,76.344,115.53,19
17,24,17,46,75.606,116.657,19
17,24,17,47,76.183,115.774,20
17,24,17,48,75.681,116.542,21
17,24,17,49,76.103,115.896,22
17,24,17,50,76.743,114.929,23
17,24,17,51,75.617,116.64,23
17,24,17,52,75.7,116.513,23
17,24,17,53,76.534,115.243,23
17,24,17,54,75.778,116.393,23
17,24,17,55,76.096,115.906,21
17,24,17,56,76.586,115.165,15
17,24,17,57,75.862,116.264,10
17,24,17,58,75.781,116.388,6
17,24,17,59,85.84,102.749,12
17,24,17,60,103.084,85.561,28
17,24,17,61,75.221,117.254,28
17,24,17,62,74.65,118.151,28
17,24,17,63,75.384,117.001,26
17,24,17,64,74.599,118.232,24
17,24,17,65,75.2,117.287,22
17,24,17,66,74.898,117.76,22
17,24,17,67,74.995,117.608,21
17,24,17,68,75.171,117.332,21
17,24,17,69,75.542,116.756,21
17,24,17,70,75.722,116.479,20
17,24,17,71,76.071,115.944,20
17,24,17,72,76.541,115.232,19
17,24,17,73,74.984,117.625,19
17,24,17,74,75.359,117.04,19
17,24,17,75,75.548,116.747,19
17,24,17,76,75.644,116.599,19
17,24,17,77,75.687,116.533,19
17,24,17,78,75.646,116.596,19
17,24,17,79,76.062,115.958,18
17,24,17,80,75.402,116.973,18
17,24,17,81,75.325,117.093,18
17,24,17,82,75.493,116.832,18
17,24,17,83,75.26,117.194,18
17,24,17,84,75.268,117.181,18
17,24,17,85,75.674,116.553,18
17,24,17,86,76.168,115.797,17
17,24,17,87,75.651,116.588,17
17,24,17,88,75.282,117.159,17
17,24,17,89,75.768,116.408,17
17,24,17,90,75.797,116.363,17
41,19,18,1,79.165,111.413,16
41,19,18,2,76.831,114.797,19
41,19,18,3,75.383,117.003,19
41,19,18,4,74.691,118.087,19
41,19,18,5,75.133,117.392,19
41,19,18,6,75.088,117.462,19
41,19,18,7,74.68,118.104,18
41,19,18,8,74.166,118.922,18
41,19,18,9,74.911,117.74,18
41,19,18,10,78.495,112.364,18
41,19,18,11,164.578,53.592,17
41,19,18,12,200.436,44.004,16
41,19,18,13,78.762,111.983,16
41,19,18,14,76.786,114.865,18
41,19,18,15,75.247,117.214,19
41,19,18,16,76.005,116.045,20
41,19,18,17,86.026,102.527,27
41,19,18,18,102.995,85.635,32
41,19,18,19,75.158,117.353,32
41,19,18,20,94.27,93.561,32
41,19,18,21,141.847,62.18,24
41,19,18,22,205.545,42.91,9
41,19,18,23,77.717,113.489,9
41,19,18,24,75.275,117.17,9
41,19,18,25,86.332,102.164,8
41,19,18,26,204.468,43.136,8
41,19,18,27,208.031,42.398,8
41,19,18,28,76.73,114.949,8
41,19,18,29,74.658,118.139,8
41,19,18,30,75.08,117.475,9
41,19,18,31,75.474,116.861,10
41,19,18,32,74.484,118.415,10
41,19,18,33,75.987,116.072,11
41,19,18,34,74.994,117.609,11
41,19,18,35,76.033,116.002,12
41,19,18,36,76.637,115.088,14
41,19,18,37,75.353,117.049,14
41,19,18,38,75.21,117.272,14
41,19,18,39,75.267,117.183,14
41,19,18,40,76.106,115.891,14
41,19,18,41,140.297,62.867,14
41,19,18,42,193.963,45.473,14
41,19,18,43,206.637,42.684,34
41,19,18,44,79.359,111.141,32
41,19,18,45,75.567,116.718,29
41,19,18,46,75.677,116.548,29
41,19,18,47,75.899,116.207,29
41,19,18,48,75.871,116.25,29
41,19,18,49,75.566,116.719,29
41,19,18,50,76.659,115.055,28
41,19,18,51,75.575,116.705,28
41,19,18,52,75.708,116.5,28
41,19,18,53,75.803,116.354,26
41,19,18,54,75.509,116.807,26
41,19,18,55,76.271,115.64,24
41,19,18,56,76.425,115.407,18
41,19,18,57,76.492,115.306,12
41,19,18,58,75.337,117.074,8
41,19,18,59,75.409,116.962,7
41,19,18,60,75.641,116.603,5
41,19,18,61,76.161,115.807,4
41,19,18,62,76.285,115.619,4
41,19,18,63,86.697,101.734,11
41,19,18,64,101.905,86.551,27
41,19,18,65,74.31,118.692,26
41,19,18,66,74.428,118.504,26
41,19,18,67,74.98,117.631,25
41,19,18,68,74.984,117.625,23
41,19,18,69,75.013,117.58,23
41,19,18,70,75.2,117.287,21
41,19,18,71,74.841,117.85,21
41,19,18,72,76.182,115.775,20
41,19,18,73,75.396,116.982,20
41,19,18,74,75.587,116.687,20
41,19,18,75,75.233,117.236,20
41,19,18,76,75.726,116.473,20
41,19,18,77,75.292,117.144,20
41,19,18,78,75.85,116.282,20
41,19,18,79,76.339,115.537,19
41,19,18,80,75.858,116.27,19
41,19,18,81,75.356,117.044,19
41,19,18,82,75.398,116.979,19
41,19,18,83,75.268,117.181,19
41,19,18,84,75.538,116.762,19
41,19,18,85,75.548,116.747,19
41,19,18,86,75.815,116.336,18
41,19,18,87,75.685,116.536,18
41,19,18,88,75.669,116.56,18
41,19,18,89,75.548,116.747,18
41,19,18,90,75.555,116.736,18
47,18,19,1,79.472,110.982,20
47,18,19,2,76.614,115.123,20
47,18,19,3,75.323,117.096,20
47,18,19,4,74.769,117.963,20
47,18,19,5,74.895,117.765,20
47,18,19,6,75.275,117.17,20
47,18,19,7,74.95,117.678,19
47,18,19,8,75.511,116.804,20
47,18,19,9,75.05,117.522,20
47,18,19,10,79.131,111.461,20
47,18,19,11,185.743,47.485,32
47,18,19,12,177.552,49.676,26
47,18,19,13,80.439,109.648,27
47,18,19,14,75.991,116.066,26
47,18,19,15,77.123,114.363,27
47,18,19,16,75.088,117.462,26
47,18,19,17,75.512,116.803,16
47,18,19,18,75.115,117.42,15
47,18,19,19,75.208,117.275,15
47,18,19,20,76.135,115.847,15
47,18,19,21,181.837,48.505,3
47,18,19,22,218.248,40.413,1
47,18,19,23,75.971,116.097,3
47,18,19,24,74.376,118.587,3
47,18,19,25,85.781,102.82,3
47,18,19,26,206.217,42.77,3
47,18,19,27,209.897,42.021,4
47,18,19,28,76.801,114.842,7
47,18,19,29,74.631,118.181,7
47,18,19,30,74.693,118.083,7
47,18,19,31,74.511,118.372,7
47,18,19,32,75.775,116.397,9
47,18,19,33,75.565,116.721,9
47,18,19,34,75.698,116.516,10
47,18,19,35,74.94,117.694,10
47,18,19,36,75.601,116.665,11
47,18,19,37,74.982,117.628,11
47,18,19,38,75.222,117.253,11
47,18,19,39,75.944,116.138,12
47,18,19,40,76.304,115.59,13
47,18,19,41,141.402,62.375,13
47,18,19,42,213.287,41.353,32
47,18,19,43,186.217,47.364,23
47,18,19,44,78.443,112.438,21
47,18,19,45,76.918,114.668,23
47,18,19,46,75.649,116.591,23
47,18,19,47,75.381,117.006,23
47,18,19,48,76.053,115.972,24
47,18,19,49,75.4,116.976,23
47,18,19,50,76.536,115.24,22
47,18,19,51,75.279,117.164,22
47,18,19,52,75.641,116.603,22
47,18,19,53,76.004,116.047,21
47,18,19,54,75.76,116.42,20
47,18,19,55,75.805,116.351,18
47,18,19,56,76.466,115.345,12
47,18,19,57,75.76,116.42,9
47,18,19,58,75.323,117.096,5
47,18,19,59,75.054,117.515,5
47,18,19,60,106.578,82.756,21
47,18,19,61,84.129,104.839,27
47,18,19,62,74.372,118.593,27
47,18,19,63,75.485,116.844,25
47,18,19,64,74.677,118.109,22
47,18,19,65,75.284,117.156,21
47,18,19,66,74.716,118.047,21
47,18,19,67,75.105,117.436,20
47,18,19,68,75.233,117.236,20
47,18,19,69,75.661,116.573,20
47,18,19,70,75.661,116.573,19
47,18,19,71,76.039,115.993,19
47,18,19,72,75.763,116.416,18
47,18,19,73,75.232,117.237,18
47,18,19,74,75.708,116.5,18
47,18,19,75,75.478,116.855,18
47,18,19,76,75.506,116.812,18
47,18,19,77,75.675,116.551,17
47,18,19,78,75.335,117.077,17
47,18,19,79,75.938,116.147,17
47,18,19,80,75.381,117.006,17
47,18,19,81,75.596,116.673,17
47,18,19,82,75.348,117.057,17
47,18,19,83,75.543,116.755,17
47,18,19,84,75.245,117.217,17
47,18,19,85,76,116.053,17
47,18,19,86,78.079,112.963,19
47,18,19,87,76.259,115.658,19
47,18,19,88,76.168,115.797,19
47,18,19,89,76.741,114.932,19
47,18,19,90,77.117,114.372,19
48,10,20,1,78.221,112.757,11
48,10,20,2,75.262,117.191,10
48,10,20,3,75.079,117.476,10
48,10,20,4,74.282,118.737,10
48,10,20,5,74.128,118.983,10
48,10,20,6,74.84,117.851,10
48,10,20,7,74.485,118.413,10
48,10,20,8,74.407,118.537,10
48,10,20,9,74.894,117.766,10
48,10,20,10,77.297,114.105,10
48,10,20,11,166.336,53.025,10
48,10,20,12,204.256,43.181,9
48,10,20,13,77.984,113.1,10
48,10,20,14,74.34,118.644,10
48,10,20,15,74.678,118.107,10
48,10,20,16,74.652,118.148,10
48,10,20,17,74.755,117.985,8
48,10,20,18,75.104,117.437,7
48,10,20,19,75.055,117.514,7
48,10,20,20,75.668,116.562,7
48,10,20,21,211.097,41.782,33
48,10,20,22,201.201,43.837,22
48,10,20,23,79.643,110.744,21
48,10,20,24,75.831,116.311,21
48,10,20,25,97.676,90.299,21
48,10,20,26,200.741,43.937,21
48,10,20,27,197.998,44.546,22
48,10,20,28,78.737,112.018,21
48,10,20,29,75.312,117.113,21
48,10,20,30,75.877,116.241,21
48,10,20,31,75.161,117.348,20
48,10,20,32,74.911,117.74,19
48,10,20,33,75.26,117.194,19
48,10,20,34,75.04,117.537,19
48,10,20,35,74.794,117.924,19
48,10,20,36,75.955,116.121,19
48,10,20,37,75.324,117.094,18
48,10,20,38,76.158,115.812,18
48,10,20,39,75.134,117.39,18
48,10,20,40,76.213,115.728,18
48,10,20,41,140.595,62.733,18
48,10,20,42,210.604,41.88,33
48,10,20,43,185.089,47.653,25
48,10,20,44,79.349,111.155,27
48,10,20,45,75.962,116.111,25
48,10,20,46,75.654,116.583,24
48,10,20,47,75.231,117.239,24
48,10,20,48,75.442,116.911,22
48,10,20,49,75.243,117.22,21
48,10,20,50,75.137,117.386,20
48,10,20,51,75.443,116.909,19
48,10,20,52,76.777,114.878,18
48,10,20,53,74.971,117.645,18
48,10,20,54,76.068,115.949,17
48,10,20,55,76.654,115.062,17
48,10,20,56,75.503,116.817,11
48,10,20,57,75.405,116.968,8
48,10,20,58,107.791,81.825,27
48,10,20,59,83.233,105.968,29
48,10,20,60,74.345,118.636,26
48,10,20,61,74.524,118.351,25
48,10,20,62,75.041,117.536,24
48,10,20,63,76.022,116.019,23
48,10,20,64,74.798,117.918,21
48,10,20,65,75.078,117.478,20
48,10,20,66,75.759,116.422,20
48,10,20,67,74.964,117.656,19
48,10,20,68,75.912,116.187,18
48,10,20,69,75.106,117.434,18
48,10,20,70,75.527,116.779,17
48,10,20,71,75.308,117.119,17
48,10,20,72,75.609,116.653,17
48,10,20,73,75.793,116.37,17
48,10,20,74,75.595,116.674,17
48,10,20,75,76.292,115.608,17
48,10,20,76,75.772,116.402,17
48,10,20,77,76.739,114.935,18
48,10,20,78,75.649,116.591,18
48,10,20,79,77.015,114.523,20
48,10,20,80,76.706,114.984,20
48,10,20,81,76.327,115.555,20
48,10,20,82,76.117,115.874,20
48,10,20,83,76.06,115.961,20
48,10,20,84,76.489,115.311,20
48,10,20,85,75.904,116.199,20
48,10,20,86,76.337,115.54,20
48,10,20,87,75.943,116.14,20
48,10,20,88,75.99,116.068,20
48,10,20,89,76.83,114.799,20
48,10,20,90,77.058,114.459,20
34,25,21,1,79.331,111.18,21
34,25,21,2,76.591,115.157,21
34,25,21,3,75.458,116.886,21
34,25,21,4,74.79,117.93,21
34,25,21,5,74.89,117.773,21
34,25,21,6,75.174,117.328,21
34,25,21,7,76.007,116.042,22
34,25,21,8,75.455,116.891,22
34,25,21,9,75.39,116.992,23
34,25,21,10,79.158,111.423,23
34,25,21,11,165.003,53.454,24
34,25,21,12,197.363,44.689,33
34,25,21,13,80.069,110.155,30
34,25,21,14,76.751,114.917,29
34,25,21,15,76.283,115.622,28
34,25,21,16,74.981,117.63,27
34,25,21,17,75.601,116.665,17
34,25,21,18,75.096,117.45,16
34,25,21,19,75.186,117.309,16
34,25,21,20,76.069,115.947,16
34,25,21,21,186.037,47.41,10
34,25,21,22,216.508,40.738,28
34,25,21,23,80.254,109.901,28
34,25,21,24,75.674,116.553,26
34,25,21,25,99.38,88.75,25
34,25,21,26,200.15,44.067,25
34,25,21,27,196.269,44.938,25
34,25,21,28,79.177,111.396,25
34,25,21,29,75.678,116.546,25
34,25,21,30,76.189,115.765,25
34,25,21,31,75.07,117.49,25
34,25,21,32,76.401,115.444,26
34,25,21,33,75.504,116.815,27
34,25,21,34,75.366,117.029,27
34,25,21,35,75.947,116.134,28
34,25,21,36,75.538,116.762,28
34,25,21,37,75.538,116.762,26
34,25,21,38,75.865,116.259,25
34,25,21,39,75.514,116.8,25
34,25,21,40,78.696,112.077,25
34,25,21,41,138.299,63.775,25
34,25,21,42,188.441,46.805,20
34,25,21,43,201.58,43.754,17
34,25,21,44,78.417,112.476,17
34,25,21,45,75.702,116.509,17
34,25,21,46,76.125,115.862,18
34,25,21,47,75.748,116.439,18
34,25,21,48,76.049,115.978,19
34,25,21,49,75.684,116.537,20
34,25,21,50,76.229,115.704,21
34,25,21,51,75.587,116.687,21
34,25,21,52,76.345,115.528,21
34,25,21,53,76.666,115.044,22
34,25,21,54,75.777,116.394,22
34,25,21,55,76.113,115.88,20
34,25,21,56,86.749,101.673,25
34,25,21,57,105.102,83.918,34
34,25,21,58,74.629,118.185,32
34,25,21,59,74.918,117.729,30
34,25,21,60,74.857,117.825,27
34,25,21,61,75.033,117.548,26
34,25,21,62,74.996,117.606,26
34,25,21,63,75.305,117.124,24
34,25,21,64,75.55,116.744,23
34,25,21,65,75.826,116.319,23
34,25,21,66,75.432,116.927,23
34,25,21,67,75.435,116.922,22
34,25,21,68,75.561,116.727,22
34,25,21,69,75.487,116.841,22
34,25,21,70,76.295,115.604,22
34,25,21,71,76.147,115.829,22
34,25,21,72,75.687,116.533,22
34,25,21,73,75.862,116.264,22
34,25,21,74,75.829,116.314,22
34,25,21,75,75.873,116.247,22
34,25,21,76,76.114,115.879,22
34,25,21,77,76.113,115.88,21
34,25,21,78,75.933,116.155,21
34,25,21,79,75.825,116.32,21
34,25,21,80,76.075,115.938,21
34,25,21,81,76.175,115.786,21
34,25,21,82,76.417,115.419,21
34,25,21,83,76.488,115.312,21
34,25,21,84,75.886,116.227,21
34,25,21,85,76.179,115.78,21
34,25,21,86,75.937,116.149,21
34,25,21,87,76.316,115.572,21
34,25,21,88,76.48,115.324,21
34,25,21,89,76.116,115.876,21
34,25,21,90,76.568,115.192,21
22,2,22,1,75.521,116.789,2
22,2,22,2,73.8,119.512,2
22,2,22,3,73.765,119.569,2
22,2,22,4,73.565,119.894,2
22,2,22,5,73.715,119.65,2
22,2,22,6,73.896,119.357,2
22,2,22,7,74.369,118.598,2
22,2,22,8,74.044,119.118,2
22,2,22,9,74.559,118.296,2
22,2,22,10,74.746,118,1
22,2,22,11,173.846,50.735,1
22,2,22,12,208.159,42.371,1
22,2,22,13,74.836,117.858,1
22,2,22,14,73.559,119.904,1
22,2,22,15,73.718,119.645,1
22,2,22,16,73.835,119.456,1
22,2,22,17,74.366,118.603,1
22,2,22,18,74.487,118.41,1
22,2,22,19,74.241,118.802,1
22,2,22,20,74.353,118.623,1
22,2,22,21,217.294,40.59,27
22,2,22,22,204.093,43.216,16
22,2,22,23,78.902,111.784,15
22,2,22,24,74.761,117.976,13
22,2,22,25,90.66,97.287,12
22,2,22,26,202.27,43.605,12
22,2,22,27,204.936,43.038,12
22,2,22,28,76.804,114.838,10
22,2,22,29,74.785,117.938,10
22,2,22,30,74.448,118.472,8
22,2,22,31,74.159,118.934,8
22,2,22,32,75.357,117.043,7
22,2,22,33,75.025,117.561,8
22,2,22,34,74.405,118.54,8
22,2,22,35,74.516,118.364,8
22,2,22,36,74.099,119.03,8
22,2,22,37,74.473,118.432,8
22,2,22,38,75.04,117.537,8
22,2,22,39,76.15,115.824,9
22,2,22,40,74.943,117.689,9
22,2,22,41,141.661,62.261,9
22,2,22,42,196.035,44.992,8
22,2,22,43,207.215,42.564,8
22,2,22,44,77.097,114.401,8
22,2,22,45,75.359,117.04,9
22,2,22,46,75.492,116.834,9
22,2,22,47,75.764,116.414,10
22,2,22,48,75.77,116.405,10
22,2,22,49,76.054,115.97,11
22,2,22,50,76.178,115.781,12
22,2,22,51,76.236,115.693,13
22,2,22,52,75.441,116.913,13
22,2,22,53,76.32,115.566,14
22,2,22,54,76.717,114.968,14
22,2,22,55,76.72,114.964,14
22,2,22,56,123.604,71.357,36
22,2,22,57,84.468,104.418,35
22,2,22,58,74.718,118.044,34
22,2,22,59,74.723,118.036,33
22,2,22,60,74.665,118.128,32
22,2,22,61,75.02,117.569,32
22,2,22,62,74.951,117.677,32
22,2,22,63,74.882,117.785,30
22,2,22,64,74.81,117.899,29
22,2,22,65,74.863,117.815,29
22,2,22,66,75.015,117.576,28
22,2,22,67,75.45,116.899,27
22,2,22,68,75.257,117.198,26
22,2,22,69,75.38,117.007,26
22,2,22,70,75.308,117.119,25
22,2,22,71,75.347,117.058,25
22,2,22,72,75.445,116.906,25
22,2,22,73,75.361,117.037,25
22,2,22,74,75.258,117.197,25
22,2,22,75,75.394,116.985,25
22,2,22,76,75.556,116.735,25
22,2,22,77,75.431,116.928,25
22,2,22,78,75.734,116.46,25
22,2,22,79,75.668,116.562,25
22,2,22,80,75.426,116.936,25
22,2,22,81,75.647,116.594,25
22,2,22,82,76.014,116.031,25
22,2,22,83,75.956,116.12,25
22,2,22,84,76.025,116.014,25
22,2,22,85,75.626,116.627,25
22,2,22,86,75.762,116.417,25
22,2,22,87,75.913,116.186,25
22,2,22,88,76.246,115.678,25
22,2,22,89,76.818,114.817,24
22,2,22,90,76.38,115.475,22
23,26,23,1,80.238,109.923,25
23,26,23,2,77.235,114.197,26
23,26,23,3,75.919,116.176,27
23,26,23,4,75.053,117.517,27
23,26,23,5,74.902,117.754,27
23,26,23,6,74.742,118.006,27
23,26,23,7,75.336,117.076,27
23,26,23,8,75.255,117.202,27
23,26,23,9,76.179,115.78,27
23,26,23,10,80.771,109.198,27
23,26,23,11,186.051,47.406,35
23,26,23,12,172.104,51.248,29
23,26,23,13,80.209,109.963,28
23,26,23,14,76.054,115.97,27
23,26,23,15,76.614,115.123,25
23,26,23,16,75.092,117.456,25
23,26,23,17,104.811,84.151,35
23,26,23,18,83.345,105.825,34
23,26,23,19,75.933,116.155,34
23,26,23,20,93.508,94.323,34
23,26,23,21,140.629,62.718,25
23,26,23,22,205.2,42.982,11
23,26,23,23,78.255,112.708,11
23,26,23,24,75.077,117.479,11
23,26,23,25,88.376,99.801,10
23,26,23,26,203.286,43.387,10
23,26,23,27,206.777,42.655,10
23,26,23,28,76.737,114.938,9
23,26,23,29,74.845,117.844,9
23,26,23,30,75.782,116.386,11
23,26,23,31,75.401,116.975,11
23,26,23,32,76.628,115.102,14
23,26,23,33,75.523,116.786,15
23,26,23,34,74.968,117.65,15
23,26,23,35,75.22,117.256,15
23,26,23,36,75.562,116.725,15
23,26,23,37,105.77,83.388,33
23,26,23,38,84.62,104.231,35
23,26,23,39,79.387,111.101,35
23,26,23,40,92.334,95.523,35
23,26,23,41,103.752,85.01,35
23,26,23,42,177.686,49.638,25
23,26,23,43,196.532,44.878,22
23,26,23,44,79.486,110.963,25
23,26,23,45,76.219,115.719,24
23,26,23,46,75.864,116.261,25
23,26,23,47,76.201,115.747,26
23,26,23,48,75.522,116.787,26
23,26,23,49,75.853,116.278,26
23,26,23,50,77.571,113.702,29
23,26,23,51,76.338,115.539,29
23,26,23,52,75.614,116.645,29
23,26,23,53,76.497,115.299,28
23,26,23,54,75.691,116.526,28
23,26,23,55,76.208,115.736,26
23,26,23,56,76.16,115.809,20
23,26,23,57,76.068,115.949,14
23,26,23,58,75.431,116.928,10
23,26,23,59,104.233,84.618,25
23,26,23,60,83.861,105.174,29
23,26,23,61,74.793,117.925,29
23,26,23,62,74.951,117.677,29
23,26,23,63,75.324,117.094,27
23,26,23,64,74.969,117.649,25
23,26,23,65,75.095,117.451,24
23,26,23,66,75.219,117.258,24
23,26,23,67,75.263,117.189,23
23,26,23,68,76.329,115.552,24
23,26,23,69,76.163,115.804,24
23,26,23,70,75.581,116.696,23
23,26,23,71,75.482,116.849,23
23,26,23,72,75.676,116.55,23
23,26,23,73,75.757,116.425,23
23,26,23,74,75.826,116.319,23
23,26,23,75,75.788,116.377,23
23,26,23,76,76.004,116.047,23
23,26,23,77,76.913,114.675,23
23,26,23,78,75.703,116.508,23
23,26,23,79,75.775,116.397,23
23,26,23,80,75.832,116.31,23
23,26,23,81,76.821,114.812,23
23,26,23,82,76.561,115.202,23
23,26,23,83,76.171,115.792,23
23,26,23,84,76.171,115.792,23
23,26,23,85,76.895,114.702,24
23,26,23,86,76.111,115.883,24
23,26,23,87,75.946,116.135,24
23,26,23,88,76.569,115.19,24
23,26,23,89,76.543,115.229,23
23,26,23,90,76.811,114.827,23
7,29,24,1,80.539,109.512,26
7,29,24,2,76.749,114.92,25
7,29,24,3,75.824,116.322,26
7,29,24,4,75.938,116.147,28
7,29,24,5,74.934,117.704,28
7,29,24,6,74.9,117.757,28
7,29,24,7,75.216,117.262,28
7,29,24,8,75.476,116.858,28
7,29,24,9,75.725,116.474,28
7,29,24,10,82.944,106.337,28
7,29,24,11,172.624,51.094,31
7,29,24,12,182.292,48.384,24
7,29,24,13,80.847,109.095,29
7,29,24,14,76.875,114.732,28
7,29,24,15,76.673,115.034,29
7,29,24,16,75.886,116.227,29
7,29,24,17,107.103,82.351,36
7,29,24,18,83.796,105.256,36
7,29,24,19,75.323,117.096,36
7,29,24,20,93.835,93.995,36
7,29,24,21,138.186,63.827,28
7,29,24,22,203.7,43.299,13
7,29,24,23,78.427,112.461,13
7,29,24,24,75.683,116.539,14
7,29,24,25,93.139,94.697,14
7,29,24,26,201.764,43.714,14
7,29,24,27,202.979,43.453,14
7,29,24,28,77.894,113.231,14
7,29,24,29,75.987,116.072,17
7,29,24,30,76.074,115.94,19
7,29,24,31,75.282,117.159,19
7,29,24,32,75.893,116.216,20
7,29,24,33,75.836,116.304,21
7,29,24,34,75.363,117.034,22
7,29,24,35,75.191,117.301,22
7,29,24,36,76.17,115.794,22
7,29,24,37,109.577,80.491,36
7,29,24,38,82.995,106.271,36
7,29,24,39,76.231,115.701,36
7,29,24,40,95.013,92.829,36
7,29,24,41,102.669,85.907,36
7,29,24,42,175.843,50.158,29
7,29,24,43,196.026,44.994,32
7,29,24,44,78.402,112.497,28
7,29,24,45,76.672,115.035,28
7,29,24,46,75.166,117.34,27
7,29,24,47,76.118,115.873,27
7,29,24,48,76.118,115.873,28
7,29,24,49,75.555,116.736,28
7,29,24,50,76.665,115.046,27
7,29,24,51,75.449,116.9,27
7,29,24,52,75.973,116.094,27
7,29,24,53,76.737,114.938,27
7,29,24,54,75.28,117.163,27
7,29,24,55,76.296,115.602,25
7,29,24,56,76.329,115.552,19
7,29,24,57,76.141,115.838,13
7,29,24,58,75.521,116.789,9
7,29,24,59,75.457,116.888,8
7,29,24,60,75.725,116.474,6
7,29,24,61,76.045,115.984,5
7,29,24,62,77.075,114.434,6
7,29,24,63,76.735,114.941,4
7,29,24,64,75.933,116.155,4
7,29,24,65,76.005,116.045,3
7,29,24,66,76,116.053,3
7,29,24,67,105.666,83.471,24
7,29,24,68,83.548,105.568,25
7,29,24,69,74.625,118.191,25
7,29,24,70,74.669,118.121,24
7,29,24,71,75.094,117.453,24
7,29,24,72,75.011,117.583,24
7,29,24,73,74.908,117.744,24
7,29,24,74,75.181,117.317,24
7,29,24,75,75.512,116.803,24
7,29,24,76,75.387,116.996,24
7,29,24,77,75.889,116.222,24
7,29,24,78,75.664,116.568,24
7,29,24,79,76.018,116.025,24
7,29,24,80,75.653,116.585,24
7,29,24,81,76.462,115.351,24
7,29,24,82,76.631,115.097,24
7,29,24,83,76.035,115.999,24
7,29,24,84,76.102,115.897,24
7,29,24,85,75.861,116.265,23
7,29,24,86,75.768,116.408,23
7,29,24,87,76.301,115.595,23
7,29,24,88,76.093,115.911,23
7,29,24,89,76.47,115.339,22
7,29,24,90,92.391,95.464,24
6,28,25,1,80.413,109.684,27
6,28,25,2,86.374,102.114,37
6,28,25,3,76.357,115.51,37
6,28,25,4,75.992,116.065,37
6,28,25,5,77.469,113.852,35
6,28,25,6,76.167,115.798,35
6,28,25,7,75.985,116.076,34
6,28,25,8,75.661,116.573,34
6,28,25,9,75.353,117.049,34
6,28,25,10,82.833,106.479,34
6,28,25,11,144.938,60.854,25
6,28,25,12,195.169,45.192,22
6,28,25,13,80.617,109.406,25
6,28,25,14,75.962,116.111,24
6,28,25,15,77.137,114.342,26
6,28,25,16,76.227,115.707,28
6,28,25,17,85.973,102.59,30
6,28,25,18,103.561,85.167,35
6,28,25,19,76.467,115.344,35
6,28,25,20,91.457,96.439,35
6,28,25,21,140.156,62.93,26
6,28,25,22,204.699,43.088,12
6,28,25,23,78.388,112.517,12
6,28,25,24,75.098,117.447,12
6,28,25,25,89.489,98.56,11
6,28,25,26,202.891,43.472,11
6,28,25,27,206.032,42.809,11
6,28,25,28,77.847,113.299,13
6,28,25,29,74.689,118.09,13
6,28,25,30,75.185,117.311,13
6,28,25,31,76.506,115.285,15
6,28,25,32,75.715,116.489,16
6,28,25,33,75.813,116.339,17
6,28,25,34,74.879,117.79,17
6,28,25,35,74.936,117.7,17
6,28,25,36,75.502,116.818,17
6,28,25,37,76.051,115.975,16
6,28,25,38,75.459,116.885,16
6,28,25,39,75.229,117.242,16
6,28,25,40,76.358,115.509,16
6,28,25,41,140.138,62.938,16
6,28,25,42,191.462,46.067,13
6,28,25,43,203.875,43.262,13
6,28,25,44,77.862,113.277,12
6,28,25,45,75.045,117.529,12
6,28,25,46,75.169,117.336,12
6,28,25,47,75.67,116.559,11
6,28,25,48,76.416,115.421,13
6,28,25,49,76.06,115.961,14
6,28,25,50,75.468,116.871,14
6,28,25,51,76.073,115.941,14
6,28,25,52,75.627,116.625,14
6,28,25,53,76.353,115.516,15
6,28,25,54,76.59,115.159,16
6,28,25,55,76.646,115.074,15
6,28,25,56,87.457,100.85,24
6,28,25,57,103.27,85.407,32
6,28,25,58,74.879,117.79,30
6,28,25,59,74.85,117.836,27
6,28,25,60,74.438,118.488,24
6,28,25,61,75.109,117.429,23
6,28,25,62,76.016,116.028,23
6,28,25,63,75.395,116.984,22
6,28,25,64,75.075,117.483,20
6,28,25,65,75.458,116.886,19
6,28,25,66,75.277,117.167,19
6,28,25,67,75.376,117.013,18
6,28,25,68,76.344,115.53,19
6,28,25,69,75.642,116.602,19
6,28,25,70,75.59,116.682,18
6,28,25,71,76.219,115.719,18
6,28,25,72,77.299,114.102,21
6,28,25,73,76.186,115.769,21
6,28,25,74,76.449,115.371,21
6,28,25,75,75.788,116.377,21
6,28,25,76,76.391,115.459,21
6,28,25,77,76.76,114.904,22
6,28,25,78,75.883,116.232,22
6,28,25,79,75.858,116.27,22
6,28,25,80,75.931,116.158,22
6,28,25,81,76.679,115.025,22
6,28,25,82,76.526,115.255,22
6,28,25,83,76.115,115.877,22
6,28,25,84,76.139,115.841,22
6,28,25,85,75.961,116.112,22
6,28,25,86,76.005,116.045,22
6,28,25,87,76.401,115.444,22
6,28,25,88,76.191,115.762,22
6,28,25,89,87.692,100.579,25
6,28,25,90,,,25
38,31,26,1,81.545,108.161,30
38,31,26,2,77.385,113.976,29
38,31,26,3,76.725,114.956,29
38,31,26,4,77.027,114.505,30
38,31,26,5,76.954,114.614,31
38,31,26,6,75.782,116.386,31
38,31,26,7,75.46,116.883,31
38,31,26,8,75.652,116.586,31
38,31,26,9,75.917,116.18,31
38,31,26,10,81.08,108.781,30
38,31,26,11,152.082,57.995,23
38,31,26,12,196.932,44.787,20
38,31,26,13,80.805,109.152,24
38,31,26,14,115.115,76.619,37
38,31,26,15,84.153,104.809,37
38,31,26,16,75.258,117.197,37
38,31,26,17,75.362,117.035,37
38,31,26,18,74.977,117.636,37
38,31,26,19,75.096,117.45,37
38,31,26,20,91.329,96.574,37
38,31,26,21,138.093,63.87,31
38,31,26,22,202.489,43.558,14
38,31,26,23,80.652,109.359,23
38,31,26,24,77.92,113.193,28
38,31,26,25,100.565,87.704,28
38,31,26,26,219.37,40.206,35
38,31,26,27,175.035,50.39,29
38,31,26,28,80.398,109.704,31
38,31,26,29,77.41,113.939,32
38,31,26,30,75.821,116.327,30
38,31,26,31,75.339,117.071,30
38,31,26,32,75.382,117.004,30
38,31,26,33,75.636,116.611,30
38,31,26,34,76.038,115.995,29
38,31,26,35,75.314,117.11,29
38,31,26,36,75.368,117.026,29
38,31,26,37,75.663,116.57,27
38,31,26,38,75.49,116.837,27
38,31,26,39,76.214,115.727,27
38,31,26,40,80.836,109.11,27
38,31,26,41,135.175,65.249,27
38,31,26,42,187.309,47.088,21
38,31,26,43,201.106,43.857,20
38,31,26,44,79.515,110.922,23
38,31,26,45,77.525,113.77,27
38,31,26,46,76.827,114.803,30
38,31,26,47,76.569,115.19,31
38,31,26,48,75.718,116.485,31
38,31,26,49,76.036,115.998,31
38,31,26,50,75.656,116.58,31
38,31,26,51,76.525,115.256,31
38,31,26,52,76.199,115.75,31
38,31,26,53,76.245,115.68,30
38,31,26,54,76.366,115.496,30
38,31,26,55,76.332,115.548,28
38,31,26,56,76.538,115.237,22
38,31,26,57,76.343,115.531,18
38,31,26,58,76.111,115.883,12
38,31,26,59,107.814,81.808,31
38,31,26,60,84.289,104.64,31
38,31,26,61,75.296,117.138,31
38,31,26,62,75.453,116.894,31
38,31,26,63,75.377,117.012,29
38,31,26,64,75.065,117.498,28
38,31,26,65,75.318,117.103,28
38,31,26,66,76.004,116.047,27
38,31,26,67,76.709,114.98,28
38,31,26,68,75.803,116.354,27
38,31,26,69,75.982,116.08,27
38,31,26,70,75.782,116.386,26
38,31,26,71,75.874,116.245,26
38,31,26,72,76.045,115.984,26
38,31,26,73,75.654,116.583,26
38,31,26,74,75.879,116.238,26
38,31,26,75,75.946,116.135,26
38,31,26,76,75.9,116.206,26
38,31,26,77,75.857,116.271,26
38,31,26,78,76.565,115.196,26
38,31,26,79,76.217,115.722,26
38,31,26,80,76.313,115.577,26
38,31,26,81,76.878,114.727,26
38,31,26,82,76.223,115.713,26
38,31,26,83,76.369,115.492,26
38,31,26,84,76.368,115.493,26
38,31,26,85,76.661,115.052,26
38,31,26,86,77.644,113.595,26
38,31,26,87,78.882,111.813,26
38,31,26,88,77.915,113.2,26
38,31,26,89,76.697,114.998,26
38,31,26,90,,,26
43,22,27,1,79.053,111.571,19
43,22,27,2,76.164,115.803,18
43,22,27,3,74.941,117.693,18
43,22,27,4,74.732,118.022,18
43,22,27,5,74.857,117.825,17
43,22,27,6,74.229,118.821,17
43,22,27,7,74.532,118.338,17
43,22,27,8,74.941,117.693,17
43,22,27,9,75.554,116.738,17
43,22,27,10,78.134,112.883,17
43,22,27,11,164.775,53.528,16
43,22,27,12,200.774,43.93,15
43,22,27,13,78.296,112.649,13
43,22,27,14,74.794,117.924,12
43,22,27,15,74.34,118.644,12
43,22,27,16,74.582,118.259,12
43,22,27,17,74.691,118.087,10
43,22,27,18,76.835,114.791,10
43,22,27,19,74.787,117.935,10
43,22,27,20,75.079,117.476,10
43,22,27,21,191.938,45.952,6
43,22,27,22,218.804,40.31,25
43,22,27,23,80.233,109.93,26
43,22,27,24,75.678,116.546,24
43,22,27,25,97.892,90.099,22
43,22,27,26,200.551,43.979,22
43,22,27,27,197.322,44.699,21
43,22,27,28,78.925,111.752,22
43,22,27,29,75.368,117.026,22
43,22,27,30,76.108,115.888,22
43,22,27,31,75.134,117.39,21
43,22,27,32,76.602,115.141,24
43,22,27,33,75.181,117.317,24
43,22,27,34,75.006,117.591,24
43,22,27,35,75.924,116.169,24
43,22,27,36,75.421,116.944,24
43,22,27,37,76.029,116.008,22
43,22,27,38,76.607,115.133,24
43,22,27,39,75.67,116.559,24
43,22,27,40,78.067,112.98,24
43,22,27,41,139.024,63.442,24
43,22,27,42,191.475,46.063,22
43,22,27,43,201.425,43.788,36
43,22,27,44,79.256,111.285,33
43,22,27,45,75.732,116.463,30
43,22,27,46,74.896,117.763,28
43,22,27,47,76.223,115.713,28
43,22,27,48,75.649,116.591,27
43,22,27,49,75.349,117.055,27
43,22,27,50,77.001,114.544,26
43,22,27,51,75.007,117.589,26
43,22,27,52,75.408,116.964,26
43,22,27,53,97.171,90.768,36
43,22,27,54,76.581,115.172,36
43,22,27,55,76.608,115.132,36
43,22,27,56,76.498,115.297,34
43,22,27,57,76.191,115.762,28
43,22,27,58,76.428,115.403,24
43,22,27,59,76.487,115.314,19
43,22,27,60,76.766,114.895,18
43,22,27,61,76.562,115.201,18
43,22,27,62,77.162,114.305,19
43,22,27,63,76.227,115.707,18
43,22,27,64,76.69,115.008,18
43,22,27,65,86.831,101.577,27
43,22,27,66,101.55,86.854,29
43,22,27,67,74.361,118.611,29
43,22,27,68,74.364,118.606,28
43,22,27,69,74.678,118.107,28
43,22,27,70,74.655,118.143,28
43,22,27,71,74.658,118.139,27
43,22,27,72,74.912,117.738,27
43,22,27,73,74.896,117.763,27
43,22,27,74,75.412,116.958,27
43,22,27,75,75.518,116.793,27
43,22,27,76,75.322,117.097,27
43,22,27,77,75.477,116.857,27
43,22,27,78,75.748,116.439,27
43,22,27,79,75.911,116.189,27
43,22,27,80,76.353,115.516,27
43,22,27,81,75.765,116.413,27
43,22,27,82,76.029,116.008,27
43,22,27,83,75.672,116.556,27
43,22,27,84,75.892,116.218,27
43,22,27,85,76.467,115.344,27
43,22,27,86,76.32,115.566,27
43,22,27,87,76.109,115.886,27
43,22,27,88,77.083,114.422,27
43,22,27,89,76.753,114.914,27
43,22,27,90,,,27
37,23,28,1,80.254,109.901,22
37,23,28,2,76.085,115.923,22
37,23,28,3,75.518,116.793,22
37,23,28,4,74.805,117.907,22
37,23,28,5,74.875,117.796,22
37,23,28,6,75.474,116.861,23
37,23,28,7,75.769,116.406,23
37,23,28,8,75.945,116.137,24
37,23,28,9,75.455,116.891,24
37,23,28,10,78.935,111.738,24
37,23,28,11,186.312,47.34,33
37,23,28,12,174.867,50.438,27
37,23,28,13,80.065,110.16,26
37,23,28,14,75.909,116.192,25
37,23,28,15,75.362,117.035,23
37,23,28,16,75.222,117.253,23
37,23,28,17,76.475,115.332,14
37,23,28,18,74.95,117.678,13
37,23,28,19,74.961,117.661,13
37,23,28,20,75.083,117.47,13
37,23,28,21,208.902,42.221,35
37,23,28,22,196.236,44.946,29
37,23,28,23,80.15,110.044,27
37,23,28,24,77.107,114.387,29
37,23,28,25,99.252,88.865,27
37,23,28,26,200.073,44.084,27
37,23,28,27,195.131,45.2,26
37,23,28,28,79.216,111.341,26
37,23,28,29,76.052,115.973,27
37,23,28,30,75.999,116.054,26
37,23,28,31,75.092,117.456,26
37,23,28,32,75.77,116.405,25
37,23,28,33,75.226,117.247,25
37,23,28,34,75.137,117.386,25
37,23,28,35,75.803,116.354,26
37,23,28,36,76.078,115.934,27
37,23,28,37,75.642,116.602,25
37,23,28,38,75.423,116.94,23
37,23,28,39,74.983,117.627,23
37,23,28,40,78.19,112.802,23
37,23,28,41,138.704,63.589,23
37,23,28,42,189.521,46.538,19
37,23,28,43,201.951,43.674,18
37,23,28,44,78.7,112.071,19
37,23,28,45,76.927,114.654,20
37,23,28,46,75.465,116.875,22
37,23,28,47,75.702,116.509,22
37,23,28,48,76.156,115.815,23
37,23,28,49,76.038,115.995,24
37,23,28,50,76.218,115.721,24
37,23,28,51,75.867,116.256,24
37,23,28,52,75.707,116.502,24
37,23,28,53,76.279,115.628,24
37,23,28,54,75.937,116.149,24
37,23,28,55,76.106,115.891,22
37,23,28,56,76.948,114.623,17
37,23,28,57,107.534,82.021,31
37,23,28,58,83.891,105.136,33
37,23,28,59,75.049,117.523,32
37,23,28,60,75.197,117.292,30
37,23,28,61,74.839,117.853,30
37,23,28,62,75.069,117.492,30
37,23,28,63,75.277,117.167,28
37,23,28,64,74.932,117.707,26
37,23,28,65,75.331,117.083,25
37,23,28,66,75.326,117.091,25
37,23,28,67,76.117,115.874,26
37,23,28,68,109.695,80.405,29
37,23,28,69,84.815,103.991,29
37,23,28,70,74.542,118.323,29
37,23,28,71,74.568,118.281,29
37,23,28,72,74.802,117.911,29
37,23,28,73,74.404,118.542,29
37,23,28,74,74.405,118.54,29
37,23,28,75,74.748,117.996,29
37,23,28,76,74.885,117.781,29
37,23,28,77,75.1,117.443,29
37,23,28,78,74.815,117.891,29
37,23,28,79,75.303,117.127,29
37,23,28,80,75.092,117.456,28
37,23,28,81,75.21,117.272,28
37,23,28,82,75.088,117.462,28
37,23,28,83,75.237,117.23,28
37,23,28,84,75.08,117.475,28
37,23,28,85,75.477,116.857,28
37,23,28,86,75.133,117.392,28
37,23,28,87,75.292,117.144,28
37,23,28,88,75.208,117.275,28
37,23,28,89,75.928,116.163,28
37,23,28,90,,,28
77,30,29,1,81.582,108.112,32
77,30,29,2,78.529,112.315,32
77,30,29,3,76.038,115.995,32
77,30,29,4,76.527,115.253,32
77,30,29,5,76.841,114.782,32
77,30,29,6,75.943,116.14,32
77,30,29,7,75.67,116.559,32
77,30,29,8,76.316,115.572,32
77,30,29,9,75.645,116.597,32
77,30,29,10,83.808,105.241,32
77,30,29,11,176.946,49.846,36
77,30,29,12,169.519,52.03,30
77,30,29,13,80.731,109.252,31
77,30,29,14,77.577,113.693,30
77,30,29,15,75.731,116.465,30
77,30,29,16,76.112,115.882,30
77,30,29,17,75.604,116.66,18
77,30,29,18,75.939,116.146,17
77,30,29,19,75.951,116.128,17
77,30,29,20,77.518,113.78,17
77,30,29,21,204.983,43.028,36
77,30,29,22,192.965,45.708,30
77,30,29,23,81.738,107.906,32
77,30,29,24,76.702,114.99,31
77,30,29,25,100.522,87.742,30
77,30,29,26,199.373,44.239,29
77,30,29,27,193.496,45.582,27
77,30,29,28,79.706,110.657,28
77,30,29,29,76.663,115.049,29
77,30,29,30,76.595,115.151,29
77,30,29,31,75.645,116.597,29
77,30,29,32,75.615,116.644,29
77,30,29,33,75.806,116.35,29
77,30,29,34,76.763,114.899,30
77,30,29,35,76.01,116.037,30
77,30,29,36,76.203,115.743,30
77,30,29,37,76.213,115.728,28
77,30,29,38,76.247,115.677,28
77,30,29,39,76.351,115.519,28
77,30,29,40,80.939,108.971,28
77,30,29,41,132.143,66.746,28
77,30,29,42,212.052,41.594,35
77,30,29,43,176.842,49.875,28
77,30,29,44,79.483,110.967,29
77,30,29,45,77.214,114.228,31
77,30,29,46,76.168,115.797,31
77,30,29,47,75.625,116.628,30
77,30,29,48,75.71,116.497,30
77,30,29,49,75.657,116.579,30
77,30,29,50,76.084,115.925,30
77,30,29,51,76.868,114.742,30
77,30,29,52,76.162,115.806,30
77,30,29,53,76.022,116.019,29
77,30,29,54,76.078,115.934,29
77,30,29,55,76.433,115.395,27
77,30,29,56,76.808,114.832,21
77,30,29,57,76.424,115.409,17
77,30,29,58,76.306,115.587,11
77,30,29,59,76.554,115.213,9
77,30,29,60,77.1,114.397,8
77,30,29,61,76.72,114.964,8
77,30,29,62,76.665,115.046,8
77,30,29,63,76.993,114.556,7
77,30,29,64,77.902,113.219,9
77,30,29,65,76.501,115.293,8
77,30,29,66,77.749,113.442,11
77,30,29,67,76.84,114.784,11
77,30,29,68,77.672,113.554,11
77,30,29,69,77.274,114.139,12
77,30,29,70,107.773,81.839,27
77,30,29,71,85.184,103.541,28
77,30,29,72,75.784,116.383,28
77,30,29,73,76.362,115.502,28
77,30,29,74,76.814,114.823,28
77,30,29,75,76.421,115.413,28
77,30,29,76,77.35,114.027,28
77,30,29,77,77.335,114.049,28
77,30,29,78,76.327,115.555,28
77,30,29,79,76.976,114.581,28
77,30,29,80,77.409,113.94,29
77,30,29,81,77.743,113.451,29
77,30,29,82,76.586,115.165,29
77,30,29,83,76.644,115.078,29
77,30,29,84,76.888,114.712,29
77,30,29,85,77.101,114.395,29
77,30,29,86,77.387,113.973,29
77,30,29,87,76.217,115.722,29
77,30,29,88,76.57,115.189,29
77,30,29,89,78.04,113.019,29
77,30,29,90,,,29
78,33,30,1,83.012,106.25,36
78,33,30,2,78.891,111.8,35
78,33,30,3,77.419,113.926,35
78,33,30,4,77.79,113.382,36
78,33,30,5,79.042,111.586,37
78,33,30,6,77.606,113.651,37
78,33,30,7,77.324,114.065,37
78,33,30,8,77.39,113.968,37
78,33,30,9,77.778,113.4,37
78,33,30,10,82.424,107.008,37
78,33,30,11,174.073,50.668,37
78,33,30,12,160.23,55.046,36
78,33,30,13,81.549,108.156,36
78,33,30,14,79.365,111.132,35
78,33,30,15,76.694,115.002,35
78,33,30,16,76.677,115.028,35
78,33,30,17,76.597,115.148,28
78,33,30,18,76.612,115.126,22
78,33,30,19,77.048,114.474,22
78,33,30,20,78.342,112.583,22
78,33,30,21,205.842,42.848,37
78,33,30,22,184.465,47.814,37
78,33,30,23,82.123,107.4,34
78,33,30,24,79.623,110.772,35
78,33,30,25,100.35,87.892,35
78,33,30,26,198.602,44.41,33
78,33,30,27,191.017,46.174,34
78,33,30,28,81.848,107.761,36
78,33,30,29,77.893,113.232,36
78,33,30,30,77.919,113.194,35
78,33,30,31,77.775,113.404,35
78,33,30,32,77.865,113.273,35
78,33,30,33,79.235,111.314,35
78,33,30,34,77.769,113.413,35
78,33,30,35,78.368,112.546,35
78,33,30,36,78.681,112.098,35
78,33,30,37,78.903,111.783,34
78,33,30,38,79.36,111.139,34
78,33,30,39,79.015,111.624,34
78,33,30,40,85.447,103.222,34
78,33,30,41,109.911,80.247,34
78,33,30,42,211.98,41.608,36
78,33,30,43,167.757,52.576,31
78,33,30,44,81.309,108.475,36
78,33,30,45,77.688,113.531,36
78,33,30,46,77.022,114.513,36
78,33,30,47,76.81,114.829,36
78,33,30,48,76.687,115.013,36
78,33,30,49,77.108,114.385,36
78,33,30,50,76.928,114.653,36
78,33,30,51,76.475,115.332,36
78,33,30,52,76.669,115.04,36
78,33,30,53,76.8,114.844,35
78,33,30,54,77.455,113.873,35
78,33,30,55,77.582,113.686,35
78,33,30,56,78.072,112.973,31
78,33,30,57,78.073,112.971,25
78,33,30,58,79.271,111.264,23
78,33,30,59,77.998,113.08,20
78,33,30,60,78.345,112.579,20
78,33,30,61,78.468,112.403,22
78,33,30,62,78.789,111.945,25
78,33,30,63,109.713,80.392,31
78,33,30,64,88.754,99.376,31
78,33,30,65,77.53,113.762,31
78,33,30,66,77.526,113.768,31
78,33,30,67,76.66,115.053,31
78,33,30,68,77.967,113.125,31
78,33,30,69,79.099,111.506,31
78,33,30,70,77.535,113.755,31
78,33,30,71,76.913,114.675,31
78,33,30,72,78.515,112.335,31
78,33,30,73,77.788,113.385,31
78,33,30,74,78.3,112.644,31
78,33,30,75,77.679,113.544,31
78,33,30,76,77.193,114.259,31
78,33,30,77,79.11,111.49,31
78,33,30,78,77.53,113.762,31
78,33,30,79,76.96,114.605,31
78,33,30,80,78.914,111.767,31
78,33,30,81,78.07,112.976,31
78,33,30,82,77.734,113.464,31
78,33,30,83,78.425,112.464,30
78,33,30,84,77.83,113.324,30
78,33,30,85,77.051,114.47,30
78,33,30,86,77.762,113.423,30
78,33,30,87,77.699,113.515,30
78,33,30,88,77.966,113.126,30
78,33,30,89,78.209,112.775,30
78,33,30,90,,,30
99,21,31,1,79.084,111.527,17
99,21,31,2,76.308,115.584,17
99,21,31,3,75.066,117.497,17
99,21,31,4,74.83,117.867,17
99,21,31,5,75.484,116.846,18
99,21,31,6,75.019,117.57,18
99,21,31,7,76.813,114.824,21
99,21,31,8,75.269,117.18,21
99,21,31,9,75.188,117.306,21
99,21,31,10,78.896,111.793,21
99,21,31,11,161.769,54.522,19
99,21,31,12,199.795,44.145,17
99,21,31,13,79.248,111.296,19
99,21,31,14,77.192,114.261,21
99,21,31,15,75.656,116.58,22
99,21,31,16,75.283,117.158,22
99,21,31,17,86.656,101.782,29
99,21,31,18,102.945,85.677,33
99,21,31,19,75.734,116.46,33
99,21,31,20,93.115,94.722,33
99,21,31,21,146.686,60.128,34
99,21,31,22,202.184,43.624,33
99,21,31,23,79.823,110.494,29
99,21,31,24,76.753,114.914,27
99,21,31,25,98.88,89.199,26
99,21,31,26,200.473,43.996,26
99,21,31,27,196.032,44.993,31
99,21,31,28,80.23,109.934,32
99,21,31,29,75.833,116.308,30
99,21,31,30,75.05,117.522,28
99,21,31,31,75.274,117.172,27
99,21,31,32,75.589,116.684,27
99,21,31,33,75.031,117.551,26
99,21,31,34,75.007,117.589,26
99,21,31,35,75.295,117.139,25
99,21,31,36,75.411,116.959,25
99,21,31,37,76.013,116.033,23
99,21,31,38,77.106,114.388,26
99,21,31,39,75.58,116.698,26
99,21,31,40,78.835,111.879,26
99,21,31,41,138.377,63.739,26
99,21,31,42,191.427,46.075,23
99,21,31,43,199.309,44.253,27
99,21,31,44,78.899,111.788,26
99,21,31,45,76.308,115.584,26
99,21,31,46,75.644,116.599,26
99,21,31,47,75.812,116.34,25
99,21,31,48,75.365,117.03,25
99,21,31,49,75.931,116.158,25
99,21,31,50,76.215,115.725,25
99,21,31,51,75.974,116.092,25
99,21,31,52,75.694,116.522,25
99,21,31,53,76.368,115.493,25
99,21,31,54,75.916,116.181,25
99,21,31,55,76.044,115.985,23
99,21,31,56,76.212,115.73,16
99,21,31,57,76.017,116.027,11
99,21,31,58,75.617,116.64,7
99,21,31,59,75.738,116.454,6
99,21,31,60,75.892,116.218,4
99,21,31,61,76.176,115.784,3
99,21,31,62,76.381,115.474,3
99,21,31,63,103.015,85.619,20
99,21,31,64,183.616,48.035,36
99,21,31,65,76.141,115.838,36
99,21,31,66,74.912,117.738,36
99,21,31,67,75.231,117.239,36
99,21,31,68,75.002,117.597,36
99,21,31,69,74.922,117.722,36
99,21,31,70,74.867,117.809,36
99,21,31,71,74.881,117.787,36
99,21,31,72,75.11,117.428,36
99,21,31,73,75.338,117.072,35
99,21,31,74,75.18,117.318,35
99,21,31,75,75.038,117.54,35
99,21,31,76,75.734,116.46,35
99,21,31,77,75.393,116.987,35
99,21,31,78,75.127,117.401,35
99,21,31,79,75.382,117.004,35
99,21,31,80,75.835,116.305,34
99,21,31,81,75.703,116.508,34
99,21,31,82,75.804,116.353,34
99,21,31,83,76.712,114.975,34
99,21,31,84,76.696,114.999,34
99,21,31,85,76.094,115.909,34
99,21,31,86,77.402,113.951,33
99,21,31,87,76.901,114.693,32
99,21,31,88,76.057,115.966,31
99,21,31,89,,,31
99,21,31,90,,,31
0,35,32,1,82.957,106.32,35
0,35,32,2,79.052,111.572,34
0,35,32,3,77.367,114.002,34
0,35,32,4,77.157,114.312,34
0,35,32,5,79.49,110.957,36
0,35,32,6,77.58,113.689,36
0,35,32,7,77.471,113.849,36
0,35,32,8,77.204,114.243,36
0,35,32,9,78.036,113.025,36
0,35,32,10,80.705,109.287,36
0,35,32,11,147.753,59.694,30
0,35,32,12,188.607,46.764,37
0,35,32,13,82.331,107.129,37
0,35,32,14,79.326,111.187,36
0,35,32,15,78.248,112.719,36
0,35,32,16,77.666,113.563,36
0,35,32,17,77.635,113.609,31
0,35,32,18,77.185,114.271,24
0,35,32,19,77.342,114.039,23
0,35,32,20,78.172,112.828,23
0,35,32,21,174.798,50.458,22
0,35,32,22,210.009,41.998,34
0,35,32,23,82.838,106.473,35
0,35,32,24,77.625,113.623,33
0,35,32,25,100.212,88.013,33
0,35,32,26,199.066,44.307,32
0,35,32,27,192.538,45.809,35
0,35,32,28,80.615,109.409,34
0,35,32,29,77.502,113.804,34
0,35,32,30,78.572,112.254,34
0,35,32,31,77.462,113.862,34
0,35,32,32,77.33,114.057,34
0,35,32,33,77.514,113.786,34
0,35,32,34,77.451,113.878,34
0,35,32,35,77.787,113.387,34
0,35,32,36,77.806,113.359,34
0,35,32,37,77.281,114.129,32
0,35,32,38,77.658,113.575,32
0,35,32,39,78.872,111.827,32
0,35,32,40,79.064,111.555,32
0,35,32,41,119.146,74.027,32
0,35,32,42,188.999,46.667,28
0,35,32,43,196.442,44.899,30
0,35,32,44,81.052,108.819,35
0,35,32,45,77.633,113.611,35
0,35,32,46,77.157,114.312,35
0,35,32,47,76.745,114.926,35
0,35,32,48,76.611,115.127,35
0,35,32,49,76.975,114.583,35
0,35,32,50,76.47,115.339,35
0,35,32,51,76.398,115.448,35
0,35,32,52,76.457,115.359,35
0,35,32,53,76.861,114.753,34
0,35,32,54,76.775,114.881,34
0,35,32,55,77.176,114.284,34
0,35,32,56,77.64,113.601,29
0,35,32,57,78.161,112.844,24
0,35,32,58,88.782,99.344,28
0,35,32,59,111.154,79.349,34
0,35,32,60,78.184,112.811,33
0,35,32,61,77.667,113.562,33
0,35,32,62,76.837,114.788,33
0,35,32,63,77.335,114.049,32
0,35,32,64,77.697,113.518,30
0,35,32,65,77.5,113.806,30
0,35,32,66,76.777,114.878,30
0,35,32,67,78.036,113.025,30
0,35,32,68,78.351,112.57,30
0,35,32,69,78.692,112.083,30
0,35,32,70,77.943,113.16,30
0,35,32,71,77.876,113.257,30
0,35,32,72,78.037,113.023,30
0,35,32,73,78.553,112.281,30
0,35,32,74,78.359,112.559,30
0,35,32,75,77.825,113.331,30
0,35,32,76,78.58,112.242,30
0,35,32,77,77.558,113.721,30
0,35,32,78,78.17,112.831,30
0,35,32,79,78.378,112.532,30
0,35,32,80,78.103,112.928,30
0,35,32,81,79.162,111.417,30
0,35,32,82,79.139,111.449,30
0,35,32,83,80.101,110.111,31
0,35,32,84,77.697,113.518,31
0,35,32,85,78.097,112.936,31
0,35,32,86,77.844,113.304,31
0,35,32,87,78.225,112.752,31
0,35,32,88,79.526,110.907,32
0,35,32,89,,,32
0,35,32,90,,,32
52,34,33,1,81.113,108.737,31
52,34,33,2,77.978,113.109,31
52,34,33,3,76.574,115.183,31
52,34,33,4,76.545,115.226,31
52,34,33,5,75.751,116.434,30
52,34,33,6,75.648,116.593,30
52,34,33,7,75.756,116.426,30
52,34,33,8,76.03,116.007,30
52,34,33,9,76.204,115.742,30
52,34,33,10,82.337,107.121,31
52,34,33,11,157.579,55.972,28
52,34,33,12,192.206,45.888,35
52,34,33,13,80.7,109.294,33
52,34,33,14,78.109,112.919,32
52,34,33,15,75.918,116.178,32
52,34,33,16,76.103,115.896,32
52,34,33,17,75.925,116.167,21
52,34,33,18,76.468,115.342,19
52,34,33,19,76.295,115.604,19
52,34,33,20,77.039,114.487,19
52,34,33,21,181.903,48.487,14
52,34,33,22,214.178,41.181,31
52,34,33,23,80.77,109.199,30
52,34,33,24,76.83,114.799,30
52,34,33,25,100.829,87.475,29
52,34,33,26,199.059,44.308,28
52,34,33,27,194.261,45.403,28
52,34,33,28,80.052,110.178,29
52,34,33,29,77.903,113.218,31
52,34,33,30,76.699,114.995,31
52,34,33,31,76.738,114.937,31
52,34,33,32,76.228,115.706,31
52,34,33,33,76.641,115.082,31
52,34,33,34,76.296,115.602,31
52,34,33,35,76.714,114.972,31
52,34,33,36,76.682,115.02,31
52,34,33,37,76.735,114.941,29
52,34,33,38,77.101,114.395,29
52,34,33,39,77.131,114.351,29
52,34,33,40,79.401,111.082,29
52,34,33,41,127.239,69.318,29
52,34,33,42,190.912,46.199,26
52,34,33,43,197.715,44.61,29
52,34,33,44,79.602,110.801,30
52,34,33,45,77.845,113.302,33
52,34,33,46,77.372,113.995,34
52,34,33,47,76.146,115.83,34
52,34,33,48,76.448,115.373,34
52,34,33,49,76.621,115.112,34
52,34,33,50,76.219,115.719,34
52,34,33,51,76.859,114.756,34
52,34,33,52,76.832,114.796,34
52,34,33,53,76.972,114.587,33
52,34,33,54,77.148,114.326,33
52,34,33,55,77.166,114.299,32
52,34,33,56,77.37,113.998,26
52,34,33,57,77.144,114.332,22
52,34,33,58,77.296,114.107,16
52,34,33,59,89.241,98.833,23
52,34,33,60,121.263,72.734,34
52,34,33,61,85.941,102.629,35
52,34,33,62,78.278,112.675,35
52,34,33,63,77.137,114.342,35
52,34,33,64,78.582,112.239,32
52,34,33,65,76.993,114.556,32
52,34,33,66,76.389,115.462,32
52,34,33,67,76.638,115.087,32
52,34,33,68,77.785,113.389,32
52,34,33,69,78.022,113.045,32
52,34,33,70,76.587,115.163,32
52,34,33,71,77.311,114.085,32
52,34,33,72,77.659,113.573,32
52,34,33,73,76.677,115.028,32
52,34,33,74,78.394,112.509,33
52,34,33,75,79.399,111.085,32
52,34,33,76,78.754,111.994,32
52,34,33,77,77.314,114.08,32
52,34,33,78,77.759,113.427,32
52,34,33,79,77.519,113.779,32
52,34,33,80,77.406,113.945,32
52,34,33,81,77.493,113.817,32
52,34,33,82,77.441,113.893,32
52,34,33,83,77.516,113.783,32
52,34,33,84,77.286,114.122,32
52,34,33,85,77.667,113.562,32
52,34,33,86,78.539,112.301,32
52,34,33,87,79.879,110.417,33
52,34,33,88,79.343,111.163,33
52,34,33,89,,,33
52,34,33,90,,,33
15,37,34,1,83.317,105.861,37
15,37,34,2,79.287,111.241,36
15,37,34,3,76.959,114.606,36
15,37,34,4,76.955,114.612,35
15,37,34,5,78.316,112.621,34
15,37,34,6,76.298,115.599,34
15,37,34,7,77.107,114.387,35
15,37,34,8,76.63,115.099,35
15,37,34,9,76.572,115.186,35
15,37,34,10,81.451,108.286,35
15,37,34,11,144.816,60.905,26
15,37,34,12,195.008,45.229,34
15,37,34,13,81.47,108.261,35
15,37,34,14,78.377,112.533,34
15,37,34,15,76.613,115.124,34
15,37,34,16,76.593,115.154,34
15,37,34,17,76.681,115.022,26
15,37,34,18,76.685,115.016,21
15,37,34,19,76.423,115.41,21
15,37,34,20,77.412,113.936,21
15,37,34,21,180.425,48.885,18
15,37,34,22,212.633,41.48,36
15,37,34,23,82.766,106.565,36
15,37,34,24,77.626,113.622,34
15,37,34,25,101.466,86.926,34
15,37,34,26,199.474,44.216,34
15,37,34,27,190.875,46.208,36
15,37,34,28,80.731,109.252,35
15,37,34,29,77.364,114.007,35
15,37,34,30,76.526,115.255,33
15,37,34,31,76.424,115.409,33
15,37,34,32,76.433,115.395,33
15,37,34,33,76.548,115.222,33
15,37,34,34,76.484,115.318,33
15,37,34,35,76.551,115.217,33
15,37,34,36,76.766,114.895,33
15,37,34,37,76.763,114.899,31
15,37,34,38,76.81,114.829,31
15,37,34,39,77.246,114.181,31
15,37,34,40,81.026,108.854,31
15,37,34,41,126.72,69.602,31
15,37,34,42,209.132,42.174,34
15,37,34,43,178.205,49.494,33
15,37,34,44,80.132,110.068,34
15,37,34,45,76.818,114.817,34
15,37,34,46,76.376,115.481,33
15,37,34,47,75.506,116.812,32
15,37,34,48,76.015,116.03,32
15,37,34,49,75.907,116.195,32
15,37,34,50,75.973,116.094,32
15,37,34,51,76.531,115.247,32
15,37,34,52,76.489,115.311,32
15,37,34,53,76.685,115.016,31
15,37,34,54,76.894,114.703,31
15,37,34,55,76.813,114.824,29
15,37,34,56,77.116,114.373,23
15,37,34,57,76.845,114.776,19
15,37,34,58,77.39,113.968,14
15,37,34,59,77.482,113.833,13
15,37,34,60,76.776,114.88,10
15,37,34,61,78.198,112.791,13
15,37,34,62,88.895,99.218,20
15,37,34,63,126.515,69.715,33
15,37,34,64,89.911,98.097,34
15,37,34,65,76.425,115.407,33
15,37,34,66,75.961,116.112,33
15,37,34,67,76.649,115.07,33
15,37,34,68,77.485,113.828,33
15,37,34,69,77.287,114.12,33
15,37,34,70,76.834,114.793,33
15,37,34,71,77.342,114.039,33
15,37,34,72,77.179,114.28,33
15,37,34,73,76.728,114.952,33
15,37,34,74,76.707,114.983,32
15,37,34,75,84.855,103.942,33
15,37,34,76,77.204,114.243,33
15,37,34,77,77.813,113.349,33
15,37,34,78,77.331,114.055,33
15,37,34,79,77.383,113.979,33
15,37,34,80,76.701,114.992,33
15,37,34,81,77.128,114.355,33
15,37,34,82,77.049,114.473,33
15,37,34,83,77.027,114.505,33
15,37,34,84,77.07,114.441,33
15,37,34,85,78.741,112.013,33
15,37,34,86,79.477,110.976,34
15,37,34,87,79.252,111.291,34
15,37,34,88,78.027,113.038,34
15,37,34,89,,,34
15,37,34,90,,,34
2,1,35,1,75.414,116.954,1
2,1,35,2,73.63,119.788,1
2,1,35,3,73.855,119.423,1
2,1,35,4,73.67,119.723,1
2,1,35,5,73.698,119.678,1
2,1,35,6,73.805,119.504,1
2,1,35,7,74.29,118.724,1
2,1,35,8,74.114,119.006,1
2,1,35,9,74.544,118.319,1
2,1,35,10,80.193,109.985,6
2,1,35,11,170.978,51.586,6
2,1,35,12,208.053,42.393,21
2,1,35,13,78.494,112.365,18
2,1,35,14,75.136,117.387,15
2,1,35,15,74.253,118.783,14
2,1,35,16,74.018,119.16,14
2,1,35,17,74.21,118.852,11
2,1,35,18,77.852,113.292,11
2,1,35,19,74.444,118.478,11
2,1,35,20,74.978,117.635,11
2,1,35,21,191.557,46.044,7
2,1,35,22,218.44,40.377,24
2,1,35,23,92.224,95.637,37
2,1,35,24,94.771,93.066,36
2,1,35,25,108.534,81.265,36
2,1,35,26,164.83,53.51,31
2,1,35,27,192.803,45.746,33
2,1,35,28,79.617,110.78,30
2,1,35,29,75.701,116.511,28
2,1,35,30,75.256,117.2,27
2,1,35,31,75.479,116.854,28
2,1,35,32,76.055,115.969,28
2,1,35,33,75.139,117.382,28
2,1,35,34,75.354,117.048,28
2,1,35,35,75.204,117.281,27
2,1,35,36,75.173,117.329,26
2,1,35,37,75.699,116.514,24
2,1,35,38,75.07,117.49,22
2,1,35,39,75.134,117.39,22
2,1,35,40,78.313,112.625,22
2,1,35,41,138.231,63.806,22
2,1,35,42,189.789,46.473,17
2,1,35,43,202.383,43.581,16
2,1,35,44,78.282,112.67,15
2,1,35,45,75.094,117.453,15
2,1,35,46,76.023,116.018,14
2,1,35,47,75.449,116.9,14
2,1,35,48,75.846,116.288,15
2,1,35,49,75.534,116.769,15
2,1,35,50,75.358,117.041,15
2,1,35,51,76.087,115.92,15
2,1,35,52,76.336,115.542,17
2,1,35,53,75.856,116.273,17
2,1,35,54,76.58,115.174,18
2,1,35,55,76.407,115.434,16
2,1,35,56,95.816,92.051,30
2,1,35,57,156.881,56.221,36
2,1,35,58,75.77,116.405,36
2,1,35,59,75.435,116.922,36
2,1,35,60,76.093,115.911,36
2,1,35,61,76.445,115.377,36
2,1,35,62,76.71,114.978,36
2,1,35,63,76.717,114.968,36
2,1,35,64,76.262,115.654,35
2,1,35,65,77.012,114.528,35
2,1,35,66,76.41,115.43,35
2,1,35,67,76.844,114.778,34
2,1,35,68,75.613,116.647,34
2,1,35,69,75.879,116.238,34
2,1,35,70,75.857,116.271,34
2,1,35,71,76.403,115.44,34
2,1,35,72,77.008,114.534,34
2,1,35,73,78.659,112.13,34
2,1,35,74,80.258,109.896,34
2,1,35,75,78.821,111.899,34
2,1,35,76,78.441,112.441,34
2,1,35,77,76.772,114.886,34
2,1,35,78,77.458,113.868,34
2,1,35,79,77.347,114.032,34
2,1,35,80,88.321,99.863,35
2,1,35,81,144.414,61.074,36
2,1,35,82,75.794,116.368,36
2,1,35,83,75.061,117.504,36
2,1,35,84,77.566,113.71,36
2,1,35,85,77.23,114.204,36
2,1,35,86,75.641,116.603,36
2,1,35,87,75.701,116.511,35
2,1,35,88,,,35
2,1,35,89,,,35
2,1,35,90,,,35
53,32,36,1,81.81,107.811,34
53,32,36,2,78.565,112.264,33
53,32,36,3,76.141,115.838,33
53,32,36,4,76.401,115.444,33
53,32,36,5,76.798,114.847,33
53,32,36,6,76.335,115.543,33
53,32,36,7,76.534,115.243,33
53,32,36,8,76.643,115.079,33
53,32,36,9,77.126,114.358,33
53,32,36,10,82.928,106.357,33
53,32,36,11,153.651,57.403,29
53,32,36,12,190.25,46.36,32
53,32,36,13,81.245,108.561,34
53,32,36,14,78.506,112.348,33
53,32,36,15,76.062,115.958,33
53,32,36,16,75.989,116.069,33
53,32,36,17,76.038,115.995,22
53,32,36,18,76.261,115.655,20
53,32,36,19,76.238,115.69,20
53,32,36,20,78.001,113.075,20
53,32,36,21,181.272,48.656,17
53,32,36,22,213.495,41.312,32
53,32,36,23,81.943,107.636,33
53,32,36,24,76.945,114.627,32
53,32,36,25,100.404,87.845,31
53,32,36,26,199.964,44.108,30
53,32,36,27,192.569,45.802,30
53,32,36,28,80.7,109.294,33
53,32,36,29,77.467,113.855,33
53,32,36,30,76.735,114.941,32
53,32,36,31,76.685,115.016,32
53,32,36,32,76.225,115.71,32
53,32,36,33,76.517,115.269,32
53,32,36,34,76.373,115.486,32
53,32,36,35,76.732,114.946,32
53,32,36,36,76.87,114.739,32
53,32,36,37,76.612,115.126,30
53,32,36,38,77.102,114.394,30
53,32,36,39,77.176,114.284,30
53,32,36,40,80.527,109.528,30
53,32,36,41,126.604,69.666,30
53,32,36,42,190.515,46.296,27
53,32,36,43,197.989,44.548,35
53,32,36,44,78.979,111.675,31
53,32,36,45,77.548,113.736,32
53,32,36,46,76.105,115.893,32
53,32,36,47,76.597,115.148,33
53,32,36,48,76.251,115.671,33
53,32,36,49,76.316,115.572,33
53,32,36,50,76.75,114.919,33
53,32,36,51,77.043,114.482,33
53,32,36,52,76.406,115.436,33
53,32,36,53,77.228,114.207,32
53,32,36,54,77.489,113.823,32
53,32,36,55,78.392,112.511,33
53,32,36,56,77.811,113.352,28
53,32,36,57,87.9,100.341,29
53,32,36,58,121.302,72.711,35
53,32,36,59,78.873,111.825,35
53,32,36,60,79.037,111.593,35
53,32,36,61,78.589,112.229,34
53,32,36,62,78.266,112.693,34
53,32,36,63,80.661,109.347,34
53,32,36,64,80.379,109.73,33
53,32,36,65,80.236,109.926,34
53,32,36,66,80.671,109.333,34
53,32,36,67,81.917,107.67,35
53,32,36,68,79.587,110.822,35
53,32,36,69,78.869,111.831,35
53,32,36,70,79.884,110.41,35
53,32,36,71,80.256,109.898,35
53,32,36,72,79.74,110.609,35
53,32,36,73,80.659,109.349,36
53,32,36,74,80.533,109.52,36
53,32,36,75,81.047,108.826,36
53,32,36,76,80.94,108.97,36
53,32,36,77,80.517,109.542,36
53,32,36,78,82.52,106.883,36
53,32,36,79,80.225,109.941,36
53,32,36,80,80.833,109.114,36
53,32,36,81,81.349,108.422,35
53,32,36,82,80.07,110.154,35
53,32,36,83,81.624,108.056,35
53,32,36,84,82.342,107.114,35
53,32,36,85,80.782,109.183,35
53,32,36,86,80.287,109.856,35
53,32,36,87,86.854,101.55,36
53,32,36,88,,,36
53,32,36,89,,,36
53,32,36,90,,,36
51,36,37,1,81.337,108.438,33
51,36,37,2,77.045,114.479,30
51,36,37,3,76.761,114.902,30
51,36,37,4,75.65,116.59,29
51,36,37,5,75.448,116.902,29
51,36,37,6,75.164,117.343,29
51,36,37,7,75.504,116.815,29
51,36,37,8,75.837,116.302,29
51,36,37,9,76.17,115.794,29
51,36,37,10,80.046,110.187,29
51,36,37,11,161.329,54.671,27
51,36,37,12,192.841,45.737,31
51,36,37,13,80.775,109.192,32
51,36,37,14,77.911,113.206,31
51,36,37,15,75.819,116.33,31
51,36,37,16,76.003,116.048,31
51,36,37,17,75.846,116.288,20
51,36,37,18,76.531,115.247,18
51,36,37,19,76.36,115.506,18
51,36,37,20,76.455,115.362,18
51,36,37,21,182.169,48.417,12
51,36,37,22,215.517,40.925,35
51,36,37,23,81.048,108.824,31
51,36,37,24,1268.675,6.952,37
51,36,37,25,85.872,102.711,37
51,36,37,26,75.374,117.016,37
51,36,37,27,76.36,115.506,37
51,36,37,28,75.578,116.701,37
51,36,37,29,1456.188,6.057,37
51,36,37,30,86.332,102.164,37
51,36,37,31,76.149,115.826,37
51,36,37,32,76.236,115.693,37
51,36,37,33,75.992,116.065,37
51,36,37,34,76.003,116.048,37
51,36,37,35,75.936,116.15,37
51,36,37,36,77.206,114.24,37
51,36,37,37,76.915,114.672,37
51,36,37,38,75.94,116.144,37
51,36,37,39,76.368,115.493,37
51,36,37,40,76.785,114.866,37
51,36,37,41,76.466,115.345,37
51,36,37,42,,,37
51,36,37,43,,,37
51,36,37,44,,,37
51,36,37,45,,,37
51,36,37,46,,,37
51,36,37,47,,,37
51,36,37,48,,,37
51,36,37,49,,,37
51,36,37,50,,,37
51,36,37,51,,,37
51,36,37,52,,,37
51,36,37,53,,,37
51,36,37,54,,,37
51,36,37,55,,,37
51,36,37,56,,,37
51,36,37,57,,,37
51,36,37,58,,,37
51,36,37,59,,,37
51,36,37,60,,,37
51,36,37,61,,,37
51,36,37,62,,,37
51,36,37,63,,,37
51,36,37,64,,,37
51,36,37,65,,,37
51,36,37,66,,,37
51,36,37,67,,,37
51,36,37,68,,,37
51,36,37,69,,,37
51,36,37,70,,,37
51,36,37,71,,,37
51,36,37,72,,,37
51,36,37,73,,,37
51,36,37,74,,,37
51,36,37,75,,,37
51,36,37,76,,,37
51,36,37,77,,,37
51,36,37,78,,,37
51,36,37,79,,,37
51,36,37,80,,,37
51,36,37,81,,,37
51,36,37,82,,,37
51,36,37,83,,,37
51,36,37,84,,,37
51,36,37,85,,,37
51,36,37,86,,,37
51,36,37,87,,,37
51,36,37,88,,,37
51,36,37,89,,,37
51,36,37,90,,,37
